COD_CHAVE,DESCRITOR,RESUMOS
95,4-Nitroquinolina-1-Óxido,PI0526
119,Abandono do Fumo use Abandono do Hábito de Fumar,JL002
120,Abandono do Hábito de Fumar,PI0859
123,Abandono do Uso de Tabaco,PI0388
125,Abastecimento de Água,"PN1227, PN1502"
2010,Abrasão Dental por Ar,PN0969
2011,Abrasão Dentária,"PI0042, PI0195, PI0730, PI0886, PN0112, PN0391, PN0400, PN0794, PN0875, PN1049, COL011"
2039,Abscesso,PN1263
2060,Absenteísmo,"PO006, PN0903, PN1219"
2067,Absorção,PI0318
2090,Acabamento Dentário use Polimento Dentário,PN1147
2144,Acesso aos Serviços de Saúde,"PO016, PI0086, PI0246, PI0552, PN0916, PN1240, PN1491, PN1782"
2251,Acidente Vascular Encefálico use Acidente Cerebral Vascular,PN0262
2263,Acidentes Ocupacionais use Acidentes de Trabalho,PI0358
2266,Acidentes por Quedas,PI0160
2269,Acidez,"PI0651, PN1312"
2296,Ácido Cítrico,PI0196
2309,Ácido Edético,"PI0487, PN1249, PN1572"
2313,Ácido Fluorídrico,"PI0115, PN0127, PN0142, PN0181, PN0691, PN0782"
2328,Ácido Láctico,PI0350
2340,Ácido Peracético,"PN0333, PN0350, PN0355, PN1280"
2344,Ácido Poliglicólico,AO0162
2438,Aconselhamento,AO0199
2501,Actinomyces,PN1606
2514,Acuidade Visual,PN1743
2527,Adaptação,"PN0847, PN0862"
2532,Adaptação Marginal (Odontologia),"PI0257, PI0263, PI0279, PI0620, PN0175, PN0212, PN0227, PN0288, PN0523, PN0603, PN0750, PN0783, PN1066, PN1081, PN1137, PN1528, PN1555, PN1658, PN1709"
2570,Adenoidectomia,PN1346
2601,Adenoma Pleomorfo,"FC022, PN0238"
2645,Aderência Bacteriana,"PI0259, PN0071, PN0308, PN0681"
2646,Aderência Celular,FC017
2647,Aderências,PN1628
2657,Adesividade,"PN0147, PN0174, PN0339, PN0492, PN0711, PN1569"
2662,Adesivos,"AO0197, PI0428, PI0574, PI0862, PN0100, PN0119, PN0461, PN0511, PN0701, PN0740, PN0746, PN1011, PN1101"
2663,Adesivos Dentinários,"AO0177, AO0181, AO0185, PI0263, PI0265, PI0273, PI0277, PI0280, PI0406, PI0412, PI0445, PI0491, PI0558, PI0568, PI0570, PI0584, PI0713, PI0735, PI0876, PI0877, PI0879, PI0888, PN0105, PN0107, PN0114, PN0116, PN0120, PN0125, PN0145, PN0148, PN0149, PN0156, PN0157, PN0161, PN0164, PN0173, PN0183, PN0357, PN0359, PN0369, PN0420, PN0427, PN0428, PN0432, PN0435, PN0441, PN0445, PN0447, PN0455, PN0459, PN0464, PN0470, PN0475, PN0484, PN0487, PN0492, PN0503, PN0741, PN0744, PN0750, PN0753, PN0770, PN0773, PN0799, PN0814, PN0816, PN0824, PN0827, PN0876, PN1055, PN1057, PN1065, PN1069, PN1070, PN1076, PN1080, PN1092, PN1105, PN1106, PN1122, PN1128, PN1129, PN1589, PN1640, PN1691"
2664,Adesivos Teciduais,"PI0610, PN0009, PN0317"
2717,"Administração e Planejamento em Saúde use Políticas, Planejamento e Administração em Saúde",PN1824
2762,Adolescência use Adolescente,PI0137
2763,Adolescente,"PI0283, PI0369, PI0398, PI0701, PN0074, PN1000, PN1381, PN1630"
2812,Adulto,PN0925
2861,Afecções Pré-Cancerosas use Lesões Pré-Cancerosas,PN1745
2896,Agar,PI0053
2944,Agency for Health Care Policy and Research use United States Agency for Healthcare Research and Quality,PE005
2967,Agentes Antibacterianos,"PI0017, PI0812, PN1609, PN1626"
3008,Agentes Corantes,"PI0168, PN0823, PN0858, PN1576"
3013,Agentes de Controle de Microrganismos,PN0087
3048,Agentes Indutores da Angiogênese,"PN0247, PN1422, PN1603"
3067,Agentes Redutores,"PI0866, PN1604"
3131,Agressão,PI0845
379,Agulhas,PN1165
404,Ajuste Oclusal,"PN1151, PN1503"
482,Alcoolismo,"PI0001, PI0225, PI0554, PI0835"
502,Alecrim-de-Cheiro use Rosmarinus officinalis,"PN0367, PN0407"
504,Aleitamento Materno,"AO0010, AO0024, PI0064, PI0438, PI0601, PN0678, PN0978, PN0994, PN1013, PN1492, PN1668, PN1823"
510,Alendronato,"HA023, AO0128, AO0143, PI0308, PI0368, PN0594, PN0627, PN0712, PN0946"
518,Alergia e Imunologia,PI0839
541,alfa-Amilase,"PN1403, PN1683"
206,Alginatos,"PN0101, PN0460, PN0676, PN1052, PN1060"
218,Alimentação,"PI0860, PN1399"
241,Alimentos de Soja,PN1815
242,Alimentos e Bebidas,PI0867
263,Alismataceae,PN1737
283,Aloe,PN0239
313,Alprazolam,PN0608
570,Alvéolo Dental,PN1862
571,Alvéolo Seco,PN0239
577,Amálgama Dentário,"PI0542, PN0489, PN1083, PN1094"
627,Ameloblastoma,"AO0116, PI0071, PI0221, PI0461, PI0522, PN0015, PN1425, PN1428"
631,Amelogenina,PN1344
669,Amido,AO0090
682,Amilases,PI0591
820,Amoxicilina,"PN0605, PN1344"
858,Anacardiaceae,PN0079
879,Analgesia,"PI0816, PN0008, PN0315, PN0972"
885,Analgésicos,PN1255
893,Análise Citogenética,PN0312
902,Análise de Dados,PN0416
903,Análise de Elemento Finito,"PI0170, PI0321, PI0780, PN0229, PN0230, PN0959"
913,Análise de Sequência de RNA,PN1466
916,Análise de Sobrevida,"AO0209, AO0211, PI0319, PN0256"
922,Análise Diferencial Térmica,PN0471
923,Análise Discriminante,HA022
925,Análise do Estresse Dentário,"PI0321, PI0579, PN0182, PN0229, PN0230, PN0670, PN1355"
932,Análise Espectral,PN1056
933,Análise Espectral Raman,"PN0134, PN0277, PN0427, PN0472, PN1064, PN1246, PN1748"
936,Análise Fatorial,HA022
941,Análise Microbiológica,"PI0527, PN0295, PN0448, PN0894, PN1231, PN1555"
942,Análise Multivariada,"AO0050, PN1342"
949,Análise Qualitativa,"PN0687, PN1159"
950,Análise Quantitativa,PN0687
951,Análise Química,"FC008, PI0514"
952,Análise Química do Sangue,PN1602
955,Análise Socioeconômica,PI0132
957,Análise Transversal,PN1400
977,Anatomia,"PE001, PI0010, PI0643, PI0768, PN0005, PN0318, PN0319, PN0322, PN0564, PN0950, PN1451"
1005,Androgênios,PN0625
1028,Anemia,PN1778
1031,Anemia de Fanconi,"PI0667, PI0669, PI0671"
1033,Anemia Falciforme,"AO0047, AO0124, PN0901, PN1510"
1062,Anestesia,PI0767
1067,Anestesia Dentária,"PN1438, PN1706"
1070,Anestesia Geral,PN1211
1073,Anestesia Local,PI0815
1081,Anestésicos,PN1359
1090,Anestesiologia,PE001
1201,Anidrases Carbônicas,"PN1397, PN1665"
1254,Anodontia,"PN0677, PN0697, PN0999"
1264,Anomalias Dentofaciais use Anormalidades Maxilofaciais,PI0502
1277,Anorexia Nervosa,PN0579
1283,Anormalidades Craniofaciais,PN1439
1285,Anormalidades da Boca,PN1327
1287,Anormalidades Dentárias,"AO0019, PI0672, PI0906, PN0237, PN0642"
1300,Anormalidades Maxilomandibulares,PI0457
1312,Anquilose,PI0769
1321,Ansiedade,"PI0095, PI0161, PI0211, PI0215, PI0459, PN0867, PN1682"
1322,Ansiedade ao Tratamento Odontológico,"AO0013, PI0137, PI0549, PN0236, PN1359, PN1393"
1324,Ansiolíticos,PN1306
1632,Anti-Sépticos Bucais,PI0659
1378,Antibioticoprofilaxia,PN1731
1387,Anticoagulantes,PN1321
1471,Antígeno Ki-67,PN1746
1472,Antígeno Nuclear de Célula em Proliferação,AO0075
1562,Antígenos HLA,"PI0067, PN0242"
1587,Antiinflamatórios,PN0168
1596,Antimicóticos,PN1612
1612,Antioxidantes,"PI0256, PI0281, PI0347, PI0351, PI0515, PN0359, PN0403, PN0420, PN1303, PN1311, PN1314"
1665,Antropologia Forense,"PI0309, PN0002, PN0588, PN0636, PN0911, PN1804"
1666,Antropometria,"PI0012, PI0613, PN0163, PN0322, PN1756"
1675,Aorta,PN0082
1689,Aparelhos Ativadores,PN1666
1691,Aparelhos Ortodônticos,"PI0202, PI0758, PN0703, PN0706, PN1461"
1692,Aparelhos Ortodônticos Funcionais,PN1368
1693,Aparelhos Ortodônticos Removíveis,PN1391
1694,Aparelhos Ortopédicos,PN0667
1709,Ápice Dentário,"PI0341, PI0768, PN0034, PN0354"
1710,Apicectomia,PI0486
1725,Apnéia,PN1212
1727,Apnéia do Sono Tipo Obstrutiva,"AO0119, PI0140, PN0323, PN0635, PN0673"
1737,Apoio ao Desenvolvimento de Recursos Humanos,PN0899
1738,Apoio ao Planejamento em Saúde,PN0899
1741,Apoio Social,PN1812
1763,Apoptose,"FC022, PI0234"
1773,Aprendizagem,"PE004, PE008, PE017, PI0693, PN0927, PN0929"
1866,Arcada Edentada,"PN0507, PN1052"
1868,Arcada Parcialmente Edentada,PN1851
1874,Arco Dental,PI0454
1922,Argônio,PN0057
1943,Armas de Fogo,PN0319
1954,"Armazenamento de Substâncias, Produtos e Materiais",PN0447
1967,Aromaterapia,PI0095
1998,Artefatos,"PN0240, PN0573, PN1414"
1999,Artemia,PN0764
3238,Articulação Temporomandibular,"AO0194, AO0206, PI0312, PI0467, PI0615, PN0220, PN0249, PN0263, PN0540, PN0623, PN0626, PN0709, PN0832, PN0854, PN1148, PN1158, PN1163, PN1173, PN1358, PN1733"
3247,Articuladores Dentários,"PN0211, PN0865"
3257,Artrite,PN0897
3258,Artrite Experimental,"PI0224, PN1305"
3263,Artrite Reumatóide,"AO0194, AO0206, PI0689, PN0090, PN1431, PN1729"
3328,Asma,"PN1378, PN1682, PN1719"
3338,Aspartato Aminotransferases,PN1772
3350,Aspergillus,PN1617
3374,Assimetria Facial,"PI0599, PN0987"
3390,Assistência Hospitalar,PN1497
3396,Assistência Odontológica,"AO0047, PI0242, PI0394, PI0547, PI0549, PN0092, PN0329, PN1007, PN1497, PN1810, PN1831"
3398,Assistência Odontológica para Crianças,"PI0132, PI0539, PI0544, PI0752, PN1379, COL008"
3399,Assistência Odontológica para Doentes Crônicos,PN1009
3400,Assistência Odontológica para Idosos,"PO020, PI0250"
3401,Assistência Odontológica para Pessoas Portadoras de Deficiências,"PE014, PI0236"
3455,Ataque Ácido Dentário,"PI0116, PI0575, PN0445, PN0487"
3467,Atenção à Saúde,"PI0086, PI0242, PI0401"
3469,Atenção Primária à Saúde,"AO0051, PO005, PO006, PE020, PI0090, PI0690, PI0700, PN1233, PN1499, PN1505, PN1801, PN1807"
3471,Atenção Secundária à Saúde,"PN0915, PN1025, PN1234, PN1499, PN1814"
3477,Aterosclerose,"PN1187, PN1739"
3579,Atrofia Muscular,PI0159
3608,Aumento da Coroa Clínica,PI0830
3611,Aumento do Rebordo Alveolar,"AO0145, PN1481, PN1860"
3643,Auto-Eficácia,"AO0024, PI0438"
3650,Auto-Imagem,PN0113
3648,Autofagia,PN1432
3682,Auxiliares de Odontologia,"PO018, PI0698"
3689,Avaliação,"PI0863, PN0905, PN1199"
3701,Avaliação de Eficácia-Efetividade de Intervenções,PN1030
3708,Avaliação de Programas e Projetos de Saúde,PN1832
3713,Avaliação de Serviços de Saúde,"PI0858, PN1234, PN1499, PN1801"
3714,Avaliação Educacional,"AO0036, AO0045"
3716,Avaliação em Saúde,"PI0396, PN0915, PN1504, PN1814"
3723,Avanço Mandibular,"PN0320, PN0635, PN0643, PN0714"
3735,Avicennia,PN0402
3748,Avulsão Dentária,"PI0127, PI0239, PI0441, PI0842, PN0016, PN0035, PN0040, PN0041, PN0416, PN0634, PN1077, PN1583"
3775,Azitromicina,PN0307
3795,Azul de Metileno,"PN0882, PN1132"
3847,Bactérias,"PI0653, PI0688, PN0030, PN0045, PN0075, PN0097, PN1012, PN1269, PN1286, PN1582, PN1669"
3850,Bactérias Anaeróbias,"AO0104, PN0390"
3856,Bactérias Gram-Positivas,PN0346
3860,Bactericidas,PN1628
3939,Bancos de Tecidos,PN1197
3941,Bandas de Matriz,PN1137
4019,Bebidas,"AO0093, PI0505, PI0733, PI0747, PN0733"
4020,Bebidas Alcoólicas,PI0803
4042,Bem-Estar Materno,PI0598
4078,Benzo(a)pireno,PN1202
4217,Bicarbonato de Sódio,"PN0400, PN1781"
4225,Bifidobacterium,PI0448
4244,Bioética,"PE015, PN1225, PN1228, PN1501"
4246,Biofilmes,"HA004, HA005, FC006, AO0052, AO0073, AO0092, AO0094, AO0095, AO0096, AO0102, PI0498, PI0499, PI0514, PI0626, PI0658, PI0802, PI0807, PI0861, PN0044, PN0075, PN0097, PN0308, PN0337, PN0379, PN0385, PN0398, PN0407, PN0518, PN0525, PN0606, PN0739, PN0837, PN0852, PN1149, PN1168, PN1231, PN1285, PN1295, PN1315, PN1373, PN1480, PN1622, PN1625, COL004"
4261,Biologia Molecular,"AO0091, PI0466, PN0269, PN0374"
4264,Biomecânica,"HA014, AO0017, AO0139, AO0212, PI0022, PI0321, PI0490, PI0579, PI0628, PI0633, PI0781, PN0209, PN0218, PN0230, PN0284, PN0303, PN0595, PN0600, PN0601, PN0641, PN0648, PN0670, PN0841, PN0860, PN0940, PN1059, PN1156, PN1171, PN1335, PN1355, PN1364, PN1524, PN1529, PN1530, PN1539"
4266,Biomimética,PN1084
4269,Biopolímeros,PN0180
4271,Biópsia,"PN1421, PN1431"
4294,Birrefringência,PN1131
4304,Bison,PI0575
4357,Boca,"PI0375, PI0683"
4358,Boca Edentada,"PI0310, PN1148"
4364,Bócio,PI0059
4458,Bradicinina,PN0939
4463,Braquetes,"PI0608, PN0704, PN0954, PN1011"
4464,Braquetes Ortodônticos,"AO0007, PI0452, PI0760, PI0908, PN0115, PN0193, PN0413, PN0716, PN0729, PN0962, PN0982, PN0986, PN0988, PN1030, PN1037, PN1042, PN1325, PN1326, PN1339, PN1361, PN1363, PN1375, PN1380, PN1642, PN1662, PN1680"
4467,Brasil,PI0846
4502,Bromodesoxiuridina,PN1596
4550,Bruxismo,"AO0003, PI0014, PI0594, PI0748, PI0895, PN0068, PN0527, PN0718, PN0845, PN1034, PN1374"
4551,Bruxismo do Sono,"PI0745, PN0705, PN0718, PN1401, PN1667"
4573,Bulas de Medicamentos,AO0048
4579,Bulimia Nervosa,"PN0579, PN0917"
4637,Cabeça,PN1348
4652,Cadaver,PN0095
4683,Caderinas,PN1752
4699,Café,"PI0103, PI0121"
4700,Cafeína,PI0501
4732,Calcificação de Dente,"PI0606, PI0695, PN0268"
4738,Cálcio,"PI0152, PI0583, PN1846, COL002"
4761,Calendula officinalis (Homeopatia),"PI0072, PI0336"
4802,Camada de Esfregaço,"PN0360, PN0378, PN0744, PN1572"
4821,Camellia sinensis,"PI0077, PN0417"
4848,Camundongos,PN0344
4952,Candida,"HA005, FC017, AO0095, PI0314, PI0653, PI0658, PI0750, PI0892, PN1298, PN1350, PN1433, PN1647, PN1661, PN1770, PN1818, COL004"
4953,Candida albicans,"FC006, AO0092, AO0094, AO0170, PI0049, PI0199, PI0200, PI0206, PI0322, PI0336, PI0356, PI0357, PI0499, PI0626, PI0797, PI0808, PI0861, PN0072, PN0077, PN0087, PN0094, PN0096, PN0198, PN0199, PN0385, PN0398, PN0399, PN0408, PN0530, PN0743, PN1146, PN1149, PN1153, PN1262, PN1300, PN1319, PN1610, PN1621, JL001"
4956,Candidíase,"AO0107, PI0819, PN0251, PN1612"
4957,Candidíase Bucal,"PI0819, PN0251, PN0579"
4988,Capacitação Profissional,PN0922
4991,Capeamento da Polpa Dentária,"AO0179, PN0480, PN0675, PN1018, PN1589"
4994,Capilaridade,PI0500
5037,Caracteres Sexuais,"PI0011, PN0264, PN0914, PN1727"
5094,Carboidratos na Dieta,AO0102
5126,Carboximetilcelulose,PI0050
5136,Carcinógenos,PN1745
5138,Carcinoma,PI0826
5141,Carcinoma Adenóide Cístico,"PI0069, PI0521, PN0560, PN1420"
5143,Carcinoma Basocelular,PI0825
5153,Carcinoma de Células Escamosas,"AO0118, AO0123, AO0125, PI0065, PI0520, PI0525, PI0828, PN0245, PN0256, PN0274, PN0544, PN0576, PN0580, PN1419, PN1430, PN1432, PN1442, PN1445, PN1725, PN1735, PN1746, PN1751, PN1767, PN1771"
5189,Cardiologia,PI0813
5201,Cardiopatias,"PN0236, PN1321"
5227,Cárie Dentária,"AO0006, AO0010, AO0014, AO0049, AO0085, AO0096, AO0102, AO0104, AO0169, AO0174, PO003, PO004, PI0043, PI0045, PI0084, PI0088, PI0108, PI0133, PI0141, PI0143, PI0145, PI0209, PI0270, PI0288, PI0292, PI0297, PI0348, PI0349, PI0352, PI0420, PI0436, PI0437, PI0442, PI0443, PI0444, PI0448, PI0500, PI0502, PI0513, PI0538, PI0581, PI0588, PI0593, PI0596, PI0649, PI0690, PI0697, PI0707, PI0727, PI0741, PI0742, PI0744, PI0750, PI0751, PI0857, PI0889, PI0894, PI0903, PN0070, PN0074, PN0079, PN0081, PN0089, PN0171, PN0267, PN0275, PN0383, PN0386, PN0395, PN0397, PN0398, PN0406, PN0411, PN0649, PN0651, PN0658, PN0668, PN0669, PN0675, PN0695, PN0700, PN0715, PN0725, PN0727, PN0741, PN0913, PN0917, PN0919, PN0955, PN0963, PN0971, PN0984, PN0985, PN0991, PN1001, PN1005, PN1010, PN1012, PN1022, PN1033, PN1227, PN1230, PN1235, PN1244, PN1297, PN1299, PN1302, PN1308, PN1313, PN1322, PN1328, PN1329, PN1330, PN1333, PN1340, PN1350, PN1371, PN1377, PN1378, PN1381, PN1392, PN1397, PN1399, PN1403, PN1496, PN1508, PN1521, PN1608, PN1614, PN1630, PN1635, PN1656, PN1664, PN1665, PN1677, PN1684, PN1685, PN1699, PN1701, PN1705, PN1710, PN1718, PN1722, PN1723, PN1761, PN1819, PN1820, COL002, COL003, COL005, COL007, COL008, COL009, COL010, COL012"
5228,Cárie Radicular,"HA004, AO0090, PN0078"
5230,Cariogênicos,PN1336
5232,Cariostáticos,"PN0146, PN0411, PN1698"
5276,Cartilagem Tireóidea,PN1739
5328,Castração,PN1190
5369,Catepsinas,PN1109
5370,Catequina,PI0276
5415,Cavidade Nasal,"PN0684, PN1694"
5418,Cavidade Pulpar,"AO0065, PI0336, PI0643, PN0003, PN0160, PN0365, PN0572, PN1268, PN1580"
5496,Células,"PI0683, PI0827"
5526,Células Dendríticas,PN0571
5532,Células Endoteliais,"PI0662, PN1592"
5535,Células Epiteliais,"PI0234, PI0678"
5543,Células Gigantes,"PI0379, PI0677, PN0248, PN0559, PN1732"
5563,Células Matadoras Naturais,PN1725
5600,Células Vero,PN0402
5603,Células-Tronco,"FC026, AO0028, AO0068, PI0071, PI0221, PI0825, PI0827, PN0006, PN0023, PN0341, PN0583, PN1409, PN1596, PN1859"
5604,Células-Tronco Adultas,"PI0483, PN0063, PN0180"
5609,Células-Tronco Mesenquimais,"HA001, HA024, FC001, PI0834, PN0312, PN1245, PN1466, PN1537"
5611,Células-Tronco Neoplásicas,"PN1750, PN1767"
5616,Celulose,"PI0324, PI0718"
5689,Cerâmica,"AO0137, AO0189, AO0209, AO0211, AO0213, PI0105, PI0115, PI0126, PI0167, PI0169, PI0261, PI0319, PI0413, PI0561, PI0565, PI0620, PI0723, PI0776, PI0862, PN0099, PN0138, PN0139, PN0142, PN0158, PN0172, PN0201, PN0202, PN0212, PN0215, PN0228, PN0231, PN0310, PN0415, PN0441, PN0451, PN0500, PN0529, PN0532, PN0644, PN0691, PN0729, PN0734, PN0738, PN0745, PN0749, PN0779, PN0785, PN0790, PN0804, PN0986, PN1072, PN1095, PN1103, PN1115, PN1124, PN1127, PN1138, PN1145, PN1147, PN1157, PN1177, PN1325, PN1375"
5747,Cervicalgia,PN0222
5782,Chalconas,PI0812
5888,Chupetas,"PN1492, PN1493"
5912,Cicatrização de Feridas,"PI0684, PN0017, PN0233, PN0638, PN1737"
5932,Ciclo Celular,FC021
5942,Ciclodextrinas,PI0287
5998,Ciências da Saúde,PN0126
6003,Ciências Forenses,PN1736
6015,Cimentação,"AO0193, AO0209, PI0017, PI0123, PI0169, PI0406, PI0424, PI0576, PN0162, PN0183, PN0227, PN0288, PN0502, PN0532, PN0742, PN0756, PN0789, PN0833, PN0856"
6018,Cimento de Óxido de Zinco e Eugenol,PN0051
6020,Cimento de Silicato,"AO0058, AO0061, AO0174, PI0181, PI0792, PN1284, PN1562, PN1568"
6022,Cimentos de Ionômeros de Vidro,"PI0112, PI0113, PI0718, PI0753, PI0754, PI0756, PN0404, PN0775, PN0971, PN0983, PN1026, PN1028, PN1081, PN1088, PN1090, PN1091, PN1347, PN1373, PN1638, COL005"
6023,Cimentos de Resina,"AO0184, AO0188, AO0190, PI0116, PI0126, PI0271, PI0343, PI0409, PI0418, PI0424, PI0576, PI0712, PI0721, PI0862, PI0864, PI0866, PN0099, PN0109, PN0127, PN0136, PN0141, PN0153, PN0154, PN0158, PN0172, PN0191, PN0415, PN0434, PN0436, PN0446, PN0472, PN0477, PN0491, PN0502, PN0532, PN0609, PN0737, PN0754, PN0761, PN0800, PN0804, PN1072, PN1082, PN1086, PN1087, PN1100, PN1114, PN1115, PN1124, PN1127, PN1140, PN1569"
6024,Cimentos Dentários,"AO0079, PI0258, PI0260, PI0584, PI0721, PI0770, PI0865, PN0366, PN0413, PN0427, PN0501, PN0516, PN0795, PN1054, PN1064, PN1136, PN1558, PN1565"
6059,Cinnamomum zeylanicum,PN0408
6063,Cintilografia,PN1421
6097,Circunferência Craniana,"PN0323, PN0693"
6099,Cirrose Hepática,PI0687
6106,Cirurgia,"PI0610, PN0317, PN0326, PN1825"
6108,Cirurgia Bariátrica,"AO0053, PN0786, PN1212"
6109,Cirurgia Bucal,"AO0158, AO0163, PI0005, PI0158, PI0465, PI0486, PN0017, PN0313, PN0315, PN0632, PN0945"
6116,Cirurgia Plástica,"PN0871, PN0875, PN1203, PN1775, PN1792"
6171,Cisto Radicular,"PI0508, PN0562, PN1458, PN1597, PN1695"
6178,Cistos,PN0583
6185,Cistos Odontogênicos,"AO0163, PN0376, PN0545, PN1429"
6207,Citocinas,"AO0030, AO0077, AO0121, PI0049, PN0090, PN0363, PN0381, PN0898, PN1269, PN1785"
6236,Citologia,"PI0376, PI0819, PN0251, PN0703, PN0958"
6237,Citomegalovirus,PI0380
6238,Citometria de Fluxo,PI0203
6247,Citotoxicidade Celular Anticorpo-Dependente,PN0676
6248,Citotoxicidade Imunológica,PN0840
6276,Clareamento de Dente,"PI0122, PI0256, PI0572, PN0465, PN1120"
6277,Clarificação Química,PN1268
6278,Claritromicina,"PN0872, PN0895"
6280,Classe Social,"PI0300, PI0477"
6281,Classificação,PN0011
6322,Climatério,PN1416
6330,Clínicas Odontológicas,"PI0711, PI0732, PN0598"
6394,Clorexidina,"AO0072, AO0080, PI0032, PI0054, PI0182, PI0188, PI0201, PI0276, PI0416, PI0527, PI0531, PI0558, PI0716, PI0726, PI0734, PI0753, PI0754, PI0879, PI0882, PN0037, PN0058, PN0119, PN0149, PN0161, PN0190, PN0198, PN0199, PN0330, PN0388, PN0417, PN0450, PN0757, PN0816, PN0869, PN0894, PN0983, PN1028, PN1069, PN1106, PN1139, PN1252, PN1254, PN1278, PN1282, PN1304, PN1329, PN1373, PN1606, PN1615"
6409,Cloro Livre,PN1572
6501,Cobertura de Serviços de Saúde,PO022
6512,Cocaína Crack,"PN0877, PN1213, PN1515"
6514,Cocarcinogênese,PI0070
6532,Codeína,PN0008
6554,Coelhos,"PI0631, PI0782"
6578,Colagem Dentária,"PI0281, PI0452, PI0574, PI0608, PN0683, PN0701, PN0990, PN1042, PN1659"
6581,Colágeno,"HA013, PN0260, PN0496, PN1435, PN1741"
6649,Colesterol,PN1182
6659,Coleta de Dados,PN0410
6660,Coleta de Resíduos Sólidos,PI0708
6719,Colorimetria,"PN0485, PN0820, PN1043"
6786,Comorbidade,PN1222
6813,Complemento C3b,"PI0203, PN1611"
6891,Complicações na Gravidez,PI0595
6894,Complicações Pós-Operatórias,PI0005
6905,Comportamento,"PN1221, PN1401, PN1489"
6907,Comportamento Alimentar,"PI0088, PN1508"
6915,Comportamento Cooperativo,"FC025, PI0849"
6924,Comportamento de Sucção,"PI0290, PN0902, PN0978"
6928,Comportamento e Mecanismos Comportamentais,PN1690
6935,Comportamento Infantil,"PI0449, PN1379"
6969,Compostos de Amônio Quaternário,PN0503
6984,Compostos de Cálcio,COL011
6990,Compostos de Enxofre,PI0366
6999,Compostos de Flúor,PN1702
7008,Compostos de Metilmercúrio,PI0360
7024,Compostos de Prata,PN0146
7050,Compostos Fenólicos,JL001
7076,Compostos Químicos,PI0534
7079,Compreensão,PN1452
7101,Comunicação em Saúde,PN0921
7103,Comunicação Interdisciplinar,PN1826
7123,Concentração de Íons de Hidrogênio,PN1815
7142,Condições de Trabalho,PN0908
7144,Condições Patológicas Anatômicas,PN0261
7146,Condições Sociais,"PO009, PO010, PI0100, PI0138, PN1514"
7147,Côndilo Mandibular,"PI0140, PN0013, PN1443"
7176,Conduta do Tratamento Medicamentoso,PE006
7177,Condutas na Prática dos Dentistas,"PI0664, PI0709, PN0410"
7195,Confiança,"PN1362, PN1823"
7220,Conhecimento,"PI0091, PI0212, PI0291, PI0664, PI0821, PN1236, PN1492"
7223,"Conhecimentos, Atitudes e Prática em Saúde","AO0036, PI0239, PI0840, PI0850"
7293,Consultórios Odontológicos,PN1113
7296,Consumo de Alimentos,"PI0901, PN1684"
7297,Consumo de Bebidas Alcoólicas,"PN0933, PN1241, PN1362"
7299,Consumo de Oxigênio,PI0725
7321,Contaminação,"PI0051, PI0655, PI0824, PN1558"
7322,Contaminação Biológica,"PI0507, PI0511, PN1516"
7324,Contaminação de Equipamentos,PN0371
7365,Controle,PN1371
7369,Controle Comportamental,PN1393
7378,Controle da Qualidade da Água,PO015
7385,Controle de Custos,PI0294
7389,Controle de Infecções,PN1744
7397,Controle de Qualidade,"PI0063, PI0282, PI0868"
7431,Conversão Análogo-Digital,PN0974
7449,Cooperação do Paciente,PN1791
7472,Cor de Olho,PI0016
7483,Corantes de Alimentos,"PN0429, PN0442"
7486,Corantes Fluorescentes,AO0128
7527,Coroa Dentária,"PI0167, PI0620, PN0249, PN0506, PN0862"
7528,Coroas,"AO0196, PN0212, PN0433, PN0745"
7591,Corrosão,"AO0203, AO0208, PN0207, PN0850, PN0954, PN1361"
7592,Corrosão Dentária,PI0427
7653,Crânio,PN0319
7670,Creatinina,PN1075
7677,Creme Dental,"PN0112, PN0169, PN1047, PN1120"
7683,Crescimento,PN0268
7685,Crescimento Bacteriano,PN0393
7688,Crescimento e Desenvolvimento,"PI0285, PI0600, PI0606, PN1021, PN1410"
7689,Crescimento Excessivo da Gengiva,AO0031
7696,Criança,"AO0001, AO0003, AO0005, AO0008, AO0051, PO014, PI0145, PI0148, PI0391, PI0398, PI0401, PI0743, PI0747, PI0750, PI0848, PI0892, PI0895, PI0896, PI0905, PN0652, PN0705, PN0721, PN0724, PN0727, PN0867, PN1013, PN1015, PN1023, PN1032, PN1345, PN1350, PN1647, PN1651, PN1667, PN1698, PN1705, PN1706, PN1711, PN1719"
7698,Criança Excepcional,PI0899
7706,Crianças Portadoras de Deficiência,AO0023
7719,Criopreservação,PN0063
7733,Crista Neural,PN0004
7737,Cristalização,PI0190
7764,Cromatografia em Camada Delgada,"PI0512, PI0810"
7767,Cromatografia Gasosa,"PN0076, PN0881"
7873,Cuidado da Criança,PN0902
7878,Cuidado Pré-Natal,"PI0547, PI0598"
7879,Cuidadores,"PI0439, PI0703, PI0855, PN0221, PN1239"
7892,Cuidados Pós-Operatórios,PI0465
7949,Curcumina,"PI0199, PI0367, PI0382, PN0518, PN1132, PN1319"
7954,Currículo,PE010
7965,Custos de Cuidados de Saúde,PN0904
7969,Custos e Análise de Custo,"PO004, PI0623"
8024,Dano ao DNA,PI0729
8071,Declaração de Nascimento,PI0852
8097,Defensinas,PN1786
8102,Defesa do Consumidor,PN1501
8103,Defesa do Paciente,PI0548
8181,Deglutição,"AO0157, PN1038"
8240,Densidade Óssea,"AO0115, PN0276, PN0599, PN1549, PN1758"
8244,Dentaduras,"AO0038, PN0525"
8245,Dente,"PI0045, PN0285, COL006"
8246,Dente Artificial,"AO0201, PI0172, PI0618, PI0625, PI0778, PN0510, PN0522, PN0536, PN1144, PN1170"
8247,Dente Canino,"PN0007, PN0697, PN1742"
8248,Dente Decíduo,"AO0004, AO0015, AO0016, PO004, PI0135, PI0284, PI0437, PI0440, PI0499, PI0590, PI0744, PI0890, PI0906, PN0361, PN0386, PN0666, PN0675, PN0695, PN0977, PN0981, PN1024, PN1636, PN1638, PN1640, PN1656, PN1664, PN1679, PN1687, PN1688, PN1695, PN1708, PN1720"
8249,Dente Impactado,"PI0685, PN0664, PN0697"
8250,Dente Molar,"PI0354, PI0389, PI0485, PN0003, PN0005, PN0708, PN1062, PN1268, PN1365, PN1444, PN1564, PN1641"
8251,Dente não Vital,"PI0191, PN0849, PN1068"
8252,Dente não-Erupcionado,PN0632
8254,Dente Serotino,PN1217
8255,Dente Suporte,"PI0628, PN1168"
8260,Dentição Mista,"PN0699, PN0715"
8261,Dentição Permanente,"PI0392, PI0445, PI0450, PN0392, PN0662, PN0719, PN1232"
8262,Dentição Primária,"PI0604, PN0662, PN1036, PN1677"
8263,Dentifrícios,"FC013, AO0002, PI0042, PI0044, PI0122, PI0292, PI0353, PI0429, PI0534, PI0560, PI0572, PI0660, PI0809, PI0869, PI0902, PN0133, PN0159, PN0404, PN0495, PN0519, PN0525, PN0647, PN0751, PN0805, PN0997, PN1014, PN1020, PN1049, PN1386, PN1627, COL001"
8264,Dentina,"HA013, AO0072, AO0083, AO0185, AO0186, AO0188, PI0042, PI0127, PI0195, PI0197, PI0273, PI0277, PI0280, PI0352, PI0487, PI0490, PI0504, PI0724, PI0805, PI0866, PI0877, PI0880, PI0890, PN0036, PN0062, PN0119, PN0125, PN0134, PN0144, PN0164, PN0166, PN0173, PN0176, PN0188, PN0350, PN0368, PN0388, PN0391, PN0428, PN0432, PN0446, PN0459, PN0464, PN0466, PN0479, PN0498, PN0534, PN0741, PN0744, PN0748, PN0756, PN0757, PN0759, PN0788, PN0792, PN0793, PN0794, PN0799, PN0806, PN0827, PN0828, PN0982, PN1020, PN1055, PN1059, PN1092, PN1110, PN1112, PN1128, PN1141, PN1259, PN1619, PN1653, PN1691"
8266,Dentinogênese,AO0068
8268,Dentística Operatória,"PI0282, PI0868, PI0874, PI0885, PN0098, PN0440, PN0469, PN1635"
8278,Depósitos Dentários,PI0498
8280,Depressão,"AO0040, PI0316, PN0474, PN1462"
8310,Derivado da Hematoporfirina,AO0082
8386,Desbridamento,"PI0836, PN1598"
8404,Descoloração de Dente,PN0478
8410,Descontaminação,"PI0757, PN0083"
8417,Desempenho Atlético,"PI0110, PI0194"
8423,Desenho de Aparelho Ortodôntico,PI0602
8427,Desenho de Prótese,"AO0205, PN0596"
8446,Desenvolvimento Fetal,PI0546
8451,Desenvolvimento Maxilofacial,PI0755
8455,Desenvolvimento Ósseo,"AO0106, PN0956"
8475,Desgaste de Restauração Dentária,"PI0255, PI0417, PN0115, PN0438"
8486,Desigualdades em Saúde,PI0846
8487,Desinfecção,"AO0073, PI0020, PI0054, PI0118, PI0317, PI0355, PI0408, PI0420, PI0479, PI0771, PN0044, PN0387, PN0494, PN0530, PN0796, PN1060, PN1106"
8491,Desinfetantes,"AO0201, PI0757, PN0863"
8503,Desmame,"AO0024, PN1013"
8507,Desmineralização,"PI0044, PI0270, PI0292, PN0187, PN0658, PN1317, PN1631, PN1653, PN1670"
8508,Desmineralização do Dente,"FC013, PI0198, PI0803, PN0091, PN0647, PN0985, PN1686, COL009"
8551,Desoxirribonucleases,PI0683
8601,Detergentes,PN0780
8604,Determinação da Idade pelo Esqueleto,"PI0302, PI0606, PN1408"
8605,Determinação da Idade pelos Dentes,"PE013, PI0373, PI0695, PN0264, PN1217, PN1218, PN1232, PN1408, PN1736"
8612,Determinação do Sexo pelo Esqueleto,PN1804
8621,Dexametasona,"PN0315, PN0553"
8635,Diabetes Gestacional,PN1179
8639,Diabetes Mellitus,"PI0232, PI0609, PI0821, PN0046, PN0879, PN0935, PN1179, PN1181, PN1196, PN1483, PN1486, PN1783"
8640,Diabetes Mellitus Experimental,"PI0229, PN0889, PN1180"
8642,Diabetes Mellitus Tipo 1,"PI0746, PN1464"
8643,Diabetes Mellitus Tipo 2,"AO0033, AO0108, PI0228, PN0077, PN0874, PN0926, PN1479"
8651,Diagnóstico,"AO0109, PI0212, PI0216, PI0231, PI0673, PI0820, PN0241, PN0250, PN0267, PN0275, PN0383, PN0386, PN0592, PN0673, PN0694, PN0966, PN0979, PN1201, PN1302, PN1387, PN1406, PN1522, PN1733, PN1760"
8653,Diagnóstico Bucal,"PE007, PI0213, PI0516, PI0668, PN0586, PN1428, PN1454"
8654,Diagnóstico Clínico,PI0676
8665,Diagnóstico por Imagem,"PI0674, PI0676, PN0383, PN0573, PN1322, PN1654, PN1761, PN1763"
8673,Diálise Renal,"FC010, PO011"
8763,Dieta,"PI0427, PI0443, PI0741, PI0802, PN0074, PN1821"
8790,Diferenciação Celular,"PN0312, PN1466"
8807,Difusão,PN1123
8873,Dimensão Vertical,"AO0207, PN0507, PN1394"
8882,Dimetil Sulfóxido,"AO0172, PN1122"
9012,Disco da Articulação Temporomandibular,"PN0234, PN1162, PN1443"
9046,Dislipidemias,"AO0033, PN1467, PN1783"
9056,Disparidades nos Níveis de Saúde,PI0856
9073,Displasia Fibrosa Óssea,PN0561
9098,Dispositivos para Expansão de Tecidos,PN0674
9099,Dispositivos para o Cuidado Bucal Domiciliar,AO0001
9117,Dissolução,"PI0346, PN1249"
9144,Distribuição Espacial da População,PN1490
9180,Distúrbios do Paladar,"PI0365, PI0822"
9290,Docentes,PN0927
9294,Documentação,PI0249
9309,Doença Celíaca,HA019
9334,Doença de Alzheimer,AO0046
9341,Doença de Crohn,HA019
9384,Doença de Parkinson,AO0052
9420,Doença Iatrogênica,PN1578
9429,Doença Pulmonar Obstrutiva Crônica,PN1488
9439,Doenças Cardiovasculares,"AO0029, PN1469, PN1630"
9445,Doenças da Boca,PI0668
9473,Doenças das Glândulas Salivares,PN0565
9499,Doenças do Desenvolvimento Ósseo,PN0252
9557,Doenças Hematológicas,PI0246
9577,Doenças Ósseas,PN0246
9587,Doenças Periodontais,"AO0055, PI0082, PI0685, PI0838, PN0699, PN0868, PN0892, PN1201, PN1332, PN1469, PN1777, PN1782, PN1791, PN1794"
9608,Doenças Sexualmente Transmissíveis,PN1243
9656,Dor Facial,"PI0013, PI0762, PN0263, PN0854, PN1143, PN1155, PN1158, PN1294"
9663,Dor Pós-Operatória,"PI0334, PN0349"
9679,Dosimetria Termoluminescente,PN0567
9688,Doxiciclina,"PN0300, PN0887, PN1184, PN1486"
9706,Drogas Ilícitas,"PI0099, PN1351"
9742,Ductos Salivares,"PI0220, PN0565"
9758,Dureza,"PI0106, PI0165, PI0267, PI0777, PI0870, PI0872, PN0154, PN0172, PN0192, PN0196, PN0431, PN0467, PN0481, PN0536, PN0790, PN0795, PN1019, PN1073, PN1086, PN1347"
9808,Economia em Odontologia,PN1214
9852,Educação,PI0387
9853,Educação a Distância,"AO0045, PE022, PN1505"
9857,Educação Continuada,AO0056
9860,Educação Continuada em Odontologia,"PE010, PN0922, PN1828"
9861,Educação da População,PE022
9868,Educação de Pós-Graduação em Odontologia,AO0037
9874,Educação em Odontologia,"AO0045, PE003, PE007, PE008, PE009, PE012, PE018, PE019, PE021, PE022, PI0654, PN0924, PN0927, PN1221, PN1302, PN1517, PN1832"
9875,Educação em Saúde,"PI0094, PI0290, PI0703, PI0840, PI0850, PN1507"
9876,Educação em Saúde Bucal,"PO008, PO021, PE016, PI0083, PI0298, PI0691, PI0692, PI0855, PN0686, PN0689, PN0923, PN1510, PN1512, PN1519, COL008"
9878,Educação Especial,PN1027
9890,Educação Superior,"PE018, PE020, PN1517"
9893,Educadores em Saúde,PN1519
9903,Efeito Doppler,PN0554
9921,Efeitos de Radiação,"PN0471, PN1452"
9928,Efetividade,"PI0353, PI0627"
9932,Eficiência Organizacional,AO0044
9983,Elasticidade,"PN0508, PN0670, PN1355"
9985,Elastômeros,"PN0681, PN0690, PN0970"
9986,Elastômeros de Silicone,"PN0216, PN0499"
10015,Eletroacupuntura,PN1634
10032,Eletroforese,PI0210
10048,Eletromiografia,"AO0157, PI0059, PI0816, PN0262, PN0526"
10056,Eletroquímica,PN0299
10133,Emoções,PI0673
10160,Encaixe de Precisão de Dentadura,PI0330
10211,Endocardite Bacteriana,PN1611
10217,Endodontia,"HA002, HA003, AO0057, AO0058, AO0060, AO0063, AO0066, AO0071, AO0091, PI0028, PI0033, PI0035, PI0036, PI0039, PI0040, PI0170, PI0180, PI0182, PI0184, PI0185, PI0186, PI0190, PI0191, PI0260, PI0332, PI0334, PI0335, PI0338, PI0341, PI0342, PI0345, PI0488, PI0494, PI0495, PI0496, PI0571, PI0637, PI0639, PI0643, PI0644, PI0648, PI0715, PI0788, PI0791, PI0793, PI0794, PI0798, PN0018, PN0020, PN0021, PN0024, PN0026, PN0027, PN0033, PN0034, PN0036, PN0037, PN0038, PN0043, PN0047, PN0051, PN0052, PN0060, PN0062, PN0064, PN0065, PN0067, PN0085, PN0147, PN0335, PN0337, PN0338, PN0342, PN0345, PN0347, PN0351, PN0352, PN0353, PN0354, PN0355, PN0356, PN0361, PN0362, PN0364, PN0367, PN0371, PN0389, PN0767, PN0811, PN0820, PN1234, PN1248, PN1265, PN1270, PN1271, PN1277, PN1286, PN1287, PN1291, PN1293, PN1366, PN1556, PN1559, PN1561, PN1564, PN1566, PN1569, PN1571, PN1573, PN1576, PN1579, PN1582, PN1584, PN1586, PN1590, PN1593, PN1595, PN1597, PN1599, PN1600, PN1601, PN1603, PN1617"
10250,Endotélio,PN0082
10252,Endotélio Vascular,"HA006, PN1187"
10254,Endotoxinas,"FC003, AO0077, PI0342, PN1254, PN1269"
10313,Engenharia Humana,AO0044
10330,Ensaio Clínico,"AO0204, PI0233, PI0773, PN0070, PN0076, PN1035, PN1637, PN1699"
10331,Ensaio Clínico Controlado,"PN0150, PN0792, PN1166, PN1848"
10332,Ensaio Clínico Controlado Aleatório,"AO0135, PI0621, PN0505, PN0829"
10354,Ensaios Clínicos Controlados como Assunto,PI0422
10363,Ensaios de Seleção de Medicamentos Antitumorais,"PI0506, PN0265, PN1318"
10365,Ensino,"PE008, PE012, PE014, PE023, PI0211, PI0551, PI0699, PN1700, PN1722"
10384,Enterococcus,PI0511
10385,Enterococcus faecalis,"FC004, PI0028, PI0032, PI0039, PI0055, PI0189, PI0489, PI0797, PI0801, PN0019, PN0049, PN0073, PN0096, PN0337, PN0372, PN0387, PN1247, PN1258, PN1262, PN1273, PN1560, PN1574, PN1625"
10386,Enterococcus faecium,PN0073
10427,Envelhecimento,"AO0150, PI0104, PI0169, PI0569, PI0723, PN0103, PN0106, PN0157, PN0221, PN0752, PN1058, PN1139, PN1708"
10428,Envelhecimento Celular,AO0039
10440,Enzimas,PN0651
10446,Enzimas e Coenzimas,PI0108
10461,Epidemiologia,"FC023, FC024, AO0019, AO0050, AO0124, AO0160, PO013, PI0015, PI0241, PI0313, PI0395, PI0461, PI0539, PI0544, PI0594, PI0742, PI0818, PI0829, PI0887, PI0905, PN0217, PN0329, PN0406, PN0645, PN0692, PN0717, PN0725, PN0909, PN0934, PN0975, PN0985, PN1007, PN1015, PN1223, PN1226, PN1230, PN1241, PN1345, PN1395, PN1398, PN1469, PN1509, PN1685"
10464,Epidemiologia Descritiva,PN1238
10465,Epidemiologia dos Serviços de Saúde,PI0391
10470,Epiderme,PN1484
10511,Epinefrina,PI0460
10540,Eqüidade em Saúde,PN1244
10561,Equipamento,PI0585
10570,Equipamentos de Proteção,PI0051
10578,Equipamentos Odontológicos de Alta Rotação,"PI0355, PI0619"
10584,Equipe de Assistência ao Paciente,"PN1822, PN1826"
10636,Eritrócitos,PN1602
10646,Eritrosina,"AO0082, PI0811"
10648,Erosão,"PI0110, PI0195, PI0289, PI0349, PI0573, PI0730, PI0805, PI0865, PN0388, PN0391, PN1619, COL011"
10653,Erosão Dentária,"AO0081, AO0093, PI0046, PI0088, PI0165, PI0193, PI0196, PI0197, PI0429, PI0503, PI0504, PI0505, PI0650, PI0651, PI0747, PI0758, PI0803, PI0900, PN0130, PN0177, PN0179, PN0188, PN0400, PN0404, PN0465, PN0498, PN0751, PN0759, PN0770, PN0771, PN0786, PN0806, PN0917, PN1119, PN1301, PN1309, PN1310, PN1317, PN1322, PN1353, PN1508, PN1693, PN1720, COL014"
10659,Erros de Diagnóstico,"PN0928, PN1734"
10672,Erros Médicos,PN0928
10675,Erupção Dentária,"PI0294, PI0450, PI0830, PN0941, PN1031, PN1644"
10759,Esclerose Amiotrófica Lateral,PN0937
10767,Escleroterapia,PI0681
10768,Escoamento,"PI0640, PI0717, PN0377, PN0817, PN1272, PN1688"
10777,Escolas de Odontologia,PI0477
10792,Escovação Dentária,"PI0045, PI0125, PI0692, PI0708, PN0133, PN0159, PN0522, PN0731, PN1014, PN1047, PN1049, PN1091, PN1386, PN1461, PN1465"
10817,Esforço Físico,PI0725
10827,Esmalte Dentário,"AO0005, AO0081, PI0044, PI0046, PI0136, PI0193, PI0198, PI0270, PI0426, PI0500, PI0503, PI0575, PI0804, PI0886, PI0892, PN0091, PN0100, PN0177, PN0394, PN0495, PN0704, PN0798, PN0819, PN0942, PN0949, PN0966, PN0988, PN1042, PN1048, PN1061, PN1063, PN1107, PN1125, PN1131, PN1139, PN1299, PN1309, PN1377, PN1378, PN1620, PN1631, PN1670, PN1675, PN1709, PN1713, COL001"
10865,Espasticidade Muscular,HA008
10887,Espectrofotometria,"PI0778, PN0099, PN0431, PN0742, PN0805, PN0821, PN0864, PN1096"
10891,Espectrofotômetros,"PI0121, PI0492, PI0638, PN0169, PN0210, PN0422, PN0429, PN1563"
10907,Espectroscopia de Luz Próxima ao Infravermelho,PN1056
10911,Espectroscopia Infravermelho Transformada de Fourier,"PI0487, PN0118, PN0134, PN0213, PN0368, PN0547, PN1259"
10960,Esportes,"PO021, PI0194, PN1683"
11021,Estadiamento de Neoplasias,PN1769
11094,Esterilização,"AO0192, PI0118, PI0355, PI0619, PN0019, PN0132, PN1287"
11119,Estética,"AO0007, PI0018, PI0102, PN0768, PN0995, PN1157, PN1203, PN1774, PN1825"
11120,Estética Dentária,"AO0213, PI0109, PI0264, PI0269, PI0274, PI0284, PI0586, PI0728, PN0128, PN0456, PN0478, PN0483, PN0504, PN0749, PN0880, PN1084, PN1144, PN1340, PN1648"
11132,Estimulação Elétrica,PI0159
11156,Estomatite Aftosa,"PN1730, PN1762"
11158,Estomatite sob Prótese,"FC009, PI0476, PN0198, PN0863, PN1433"
11165,Estradiol,"PI0765, PN0624"
11181,Estreptococos Viridans,AO0094
11195,Estresse,"PI0211, PI0896, PN0628, PN0896"
11196,Estresse Mecânico,"PN0284, PN0691, PN1171, PN1546"
11197,Estresse Oxidativo,"AO0098, AO0118, PI0360, PN1435, PN1618"
11198,Estresse Psicológico,"PN0390, PN0458, PN1158"
11209,Estrogênios,PI0079
11215,Estrôncio,"PN0282, PN0547, PN1183"
11237,Estudantes,"PI0663, PN0921, PN1643"
11238,Estudantes de Ciências da Saúde,PN0126
11239,Estudantes de Enfermagem,PN0918
11242,Estudantes de Odontologia,"PI0244, PI0248, PI0402, PI0693, PN0585, PN0865, PN0929, PN1290, PN1516, PN1517, PN1520, PN1578, PN1827"
11245,Estudo Comparativo,"PN0295, PN0650"
11250,Estudos de Avaliação,PN0032
11253,Estudos de Casos e Controles,"PI0143, PN0649, PN0655"
11255,Estudos de Coortes,PN1330
11261,Estudos de Validação,"AO0214, PN0945"
11265,Estudos Epidemiológicos,"AO0161, PO020, PI0060"
11268,Estudos Observacionais,PI0471
11287,Etanol,"AO0063, PI0361, PI0734, PI0837, PI0877, PN0161, PN0330, PN0380, PN1772"
11413,Evaporação,PN1128
11415,Evasão Escolar,PI0402
11452,Exercícios de Alongamento Muscular,PN0540
11479,Experimentação Animal,PN1717
11480,Experimentação Humana,PN1501
11495,Exposição a Agentes Biológicos,"PI0051, PI0053, PI0510, PI0655"
11510,Expressão Gênica,"HA004, FC026, AO0092, PI0351, PN1471"
11518,Extração Dentária,"AO0018, PI0460, PN0628, PN1031, PN1536, PN1696, PN1862"
11531,Extratos Vegetais,"AO0084, PI0357, PI0514, PI0666, PI0806, PI0814, PN0069, PN1605, PN1628"
11548,Face,"PI0007, PI0464, PI0613, PN0318, PN0643, PN0673, PN1016, PN1756"
11549,Facetas Dentárias,"AO0204, PI0864, PI0884, PN0139, PN0202, PN0500, PN0742, PN0768, PN1119"
11554,Fadiga,"AO0178, PN0201, PN0451, PN0835, PN1072"
11586,Falência Renal Crônica,HA007
11588,Falha de Prótese,"PI0164, PI0471, PN1835"
11589,Falha de Restauração Dentária,"AO0137, PN0736"
11590,Falha de Tratamento,"PN0280, PN0444"
11598,Família,"AO0030, PN0636"
11606,Faringe,"AO0117, PN0320, PN0323, PN1338, PN1674"
11621,Farmacologia,"FC007, FC012"
11629,Farmacorresistência Fúngica,PN1433
11661,Fases do Ciclo de Vida,PI0397
11673,Fator 1 Induzível por Hipoxia,PN0544
11721,Fator de Crescimento Derivado de Plaquetas,AO0155
11723,Fator de Crescimento Epidérmico,"AO0039, PI0678, PN0550, PN1420"
11846,Fator Transformador de Crescimento beta1,"PI0065, PN1754"
11847,Fator Transformador de Crescimento beta2,PI0520
11881,Fatores de Crescimento Endotelial,PI0483
11898,Fatores de Risco,"FC018, AO0119, PO003, PI0061, PI0363, PI0444, PI0530, PI0593, PN0700, PN0907, PN0912, PN1000, PN1192, PN1226, PN1798, PN1819, COL007, JL002"
11899,Fatores de Tempo,PN0095
11929,Fatores de Virulência,"FC006, AO0098, PI0356, PN1610"
11959,Fatores Socioeconômicos,"PI0091, PI0151, PI0497, PI0596, PI0743, PN1033, PN1817"
12000,Fechamento de Espaço Ortodôntico,"AO0022, PN0665"
12020,Fêmur,PN0584
12033,Fenda Labial,"PI0061, PI0295, PI0457, PI0818, PI0852, PN0237, PN0689"
12066,Fenitoína,AO0031
12099,Fenótipo,PN1675
12112,Ferimentos e Lesões,"PI0845, PN1385, PN1518"
12118,Ferimentos por Arma de Fogo,PN0012
12197,Fibrina,"PN0622, PN0886, PN1854"
12206,Fibroblastos,"AO0070, AO0122, PN0333, PN0439, PN1586"
12213,Fibroma Ossificante,PN0252
12216,Fibromatose Gengival,PN0260
12217,Fibromialgia,"PI0316, PN1163"
12259,Filmes e Vídeos Educativos,"PE017, PI0093"
12326,Fios Ortodônticos,"AO0007, AO0012, PI0304, PN0650, PN0654, PN0660, PN1352, PN1372"
12367,Fissura Palatina,"AO0011, AO0099, PI0061, PI0158, PI0295, PI0296, PI0348, PI0373, PI0454, PI0457, PI0502, PI0588, PI0818, PI0852, PI0910, PN0237, PN0270, PN0581, PN0689, PN0722, PN0851, PN0956, PN1002, PN1021, PN1439, PN1753"
12406,Fitoterapia,"AO0095, PI0206, PI0512, PI0535, PI0653, PI0661, PI0666, PI0810, PI0868, PN0071, PN0367, PN0408, PN0638, PN1298, PN1552, PN1626"
12407,Fixação de Fratura,"AO0161, PN0943"
12411,Fixação Interna de Fraturas,"AO0154, AO0159, PN0637, PN0639"
12414,Fixadores,AO0038
12474,Fluido do Sulco Gengival,"PI0603, PN0531, PN0879"
12482,Flúor,"AO0083, PO015, PI0113, PI0287, PI0353, PI0583, PI0802, PN0078, PN0102, PN0179, PN1216, PN1377, PN1390, PN1620, COL002"
12493,Fluorescência,"AO0127, PI0104, PI0804, PN0081, PN0393, PN0399, PN0966, PN1157, PN1304, PN1615, PN1761"
12494,Fluoretação,"PN1216, PN1227, PN1235, PN1502"
12495,Fluoreto de Cálcio,"PN1702, PN1718"
12497,Fluoreto de Fosfato Acidulado,"PN1001, PN1718"
12498,Fluoreto de Sódio,"PI0326, PN0387, PN1301, PN1357, PN1613, PN1632, COL014"
12499,Fluoretos,"AO0002, AO0096, PI0197, PI0362, PI0411, PI0665, PI0902, PN0394, PN0806, PN0997, PN1017, PN1299, PN1631"
12501,Fluoretos Tópicos,"PI0255, PI0503, PN0991"
12509,Fluorose Dentária,"AO0083, PN0963"
12511,Fluoxetina,PN0967
12546,Fluxometria por Laser-Doppler,PN0151
12558,Folhetos,PO008
12571,Fonoaudiologia,PN1668
12603,Força Compressiva,"PN0813, PN1082"
12606,Força de Mordida,"AO0078, AO0099, PI0478"
12618,Formação de Recursos Humanos,PE016
12663,Fosfatase Alcalina,PI0225
12684,Fosfatos,"FC013, PI0753, PN0647, PN1020, PN1026, PN1028, PN1347, COL009"
12686,Fosfatos de Cálcio,"AO0175, PN0152, PN0424"
12786,Fotografia,"PI0585, PN0539, PN0848"
12787,Fotografia Dentária,"PI0264, PI0585, PI0586, PN0397"
12797,Fotoquimioterapia,"AO0082, PI0199, PI0657, PI0798, PI0811, PN0882, PN0898, PN1300, PN1320, PN1621, PN1622, PN1793, PN1862"
12804,Fototerapia,"PI0185, PN1721"
12822,Fragmentos de Peptídeos,PN1207
12856,Fraturas dos Dentes,"PN0551, PN1692, PN1747, PN1763"
12861,Fraturas Mandibulares,"AO0159, PN0010, PN0637"
12862,Fraturas Maxilares,AO0161
12866,Fraturas Ósseas,"AO0154, AO0160"
12873,Freio Lingual,"PN0726, PN0994"
12881,Frequência Cardíaca,"FC025, PI0459, PI0849"
12886,Fricção,"PN0650, PN0962"
12893,Frutas,PN1307
12916,Fumaça,PN0437
12977,Fusobacterium nucleatum,"HA006, PN1315"
13118,Gastrite,PN1730
13134,Gastrostomia,PN1813
13157,Gêmeos,PN0911
13172,Genes Bacterianos,AO0101
13229,Genes p53,PN0578
13252,Genética,"PI0686, PN1005, PN1423, PN1651"
13260,Gengiva,"PN0552, PN1154, PN1435, PN1522, PN1779"
13262,Gengivite,"PI0857, PN0703, PN1321, PN1464, PN1701, PN1798"
13286,Genótipo,AO0101
13287,Genotoxicidade,"PI0881, PN0690, PN1260, PN1568"
13321,Gerenciamento de Resíduos,PN1083
13324,Geriatria,"AO0036, PI0624"
13329,Gestantes,"PO008, PI0091, PI0213, PI0214, PI0223, PI0226, PI0546, PI0697, PI0702, PI0707, PI0832, PI0838, PI0847, PN1507, PN1784, PN1816, PN1831"
13334,Gestão do Conhecimento para a Pesquisa em Saúde,PN0918
13337,Gestão em Saúde,"PE011, PN1214"
13374,Glândula Pineal,"PI0612, PN0938"
13376,Glândula Submandibular,"PI0361, PN0405"
13377,Glândula Tireóide,PI0059
13390,Glândulas Salivares,"AO0087, PI0057, PI0360, PN0380, PN0560, PN0567, PN1303, PN1633, PN1765"
13408,Glicemia,PI0815
13470,Glicosaminoglicanas,PN0271
13517,Glossite Migratória Benigna,"PI0378, PN0566, PN1423, PN1455"
13526,Glucocorticóides,"PN1460, PN1468"
13539,Glucose,PN0054
13552,Glucosiltransferases,AO0006
13572,Glutamina,PN1316
13607,Goma de Mascar,"AO0081, PI0041"
13654,Grampos Dentários,PN1071
13660,Granuloma,"PN0562, PN0583"
13662,Granuloma de Células Gigantes,"PI0379, PI0677, PN1732"
13672,Granuloma Periapical,"PI0508, PN0244, PN1458"
13694,Gravidez,"PO017, PI0238"
13746,Grupos Focais,PN1809
13753,Guaco (Homeopatia),PN1075
13756,Guaiacol,PN0239
13804,Guia,PN1829
13817,Guta-Percha,"PI0715, PN0052, PN0339"
13832,Hábitos,"AO0023, PI0545, PI0895, PN1016, PN1412"
13833,Hábitos Alimentares,"AO0049, PI0505, PN0727, PN1236, PN1330, PN1493, PN1507"
13854,Halitose,"AO0026, PI0366, PI0832, PN0076, PN0390, PN0881, PN1475"
13888,Hanseníase,"AO0026, PI0243, PI0538, PI0545, PN0910"
13926,Helicobacter pylori,"PN1197, PN1773"
13958,Hemangioma,PI0681
14014,Hemofilia A,PN1152
14027,Hemoglobinas,"PN1602, PN1778"
14035,Hemólise,PN1318
14042,Hemorragia,PN0313
14073,Hemostáticos,"PI0409, PN0737, PN0800"
14087,Hepatite,"PI0654, PI0853"
14094,Hepatite C,PI0363
14222,Hibridização In Situ Fluorescente,"PN1332, PN1669"
14252,Hidrocarbonetos Policíclicos Aromáticos,"PN1202, PN1450"
14263,Hidrofobicidade,PI0323
14266,Hidrogel,PI0114
14297,Hidroxiapatitas,"AO0131, AO0179, AO0188, PI0863, PN0821, PN1017, PN1087"
14305,Hidróxido de Cálcio,"FC004, AO0072, PI0182, PI0192, PI0489, PI0495, PI0641, PN0363, PN0364, PN0480, PN1282, PN1557, PN1573, PN1579, PN1636"
14306,Hidróxido de Magnésio,PI0405
14343,Higiene,"PI0393, PI0443, PI0741"
14344,Higiene Bucal,"PI0076, PI0202, PI0227, PI0251, PI0538, PI0692, PI0708, PI0838, PN0870, PN0878, PN0892, PN1461, PN1465, PN1623, PN1822, PN1865"
14350,Higienizadores de Dentadura,"PI0322, PN0124, PN0205, PN0536, PN0834, PN0843, PN0852, PN1146"
14382,Hiperglicemia,AO0108
14443,Hipertensão,"AO0055, PI0460, PN1210"
14471,Hipnóticos e Sedativos,PN1652
14482,Hipoclorito de Cálcio,"PI0346, PI0796, PN0496, PN1252"
14483,Hipoclorito de Sódio,"PI0346, PI0793, PI0798, PN0058, PN0205, PN0355, PN0359, PN0369, PN0420, PN0666, PN0771, PN0796, PN1097, PN1249, PN1252, PN1254, PN1258, PN1259, PN1282, PN1560, PN1604"
14487,Hipofaringe,PN0679
14494,Hipoglicemia,AO0108
14507,Hipoplasia do Esmalte Dentário,"AO0021, PI0141, PI0690, PN1004, PN1713"
14533,Hipóxia Celular,"AO0116, PI0522, PN1422"
14575,Histocompatibilidade,"PI0610, PI0647, PI0754, PI0756, PN0317, PN0983"
14577,Histologia,"AO0142, PN0274, PN0304, PN0618, PN1296"
14578,Histologia Comparada,"PI0630, PI0909"
14580,Histona Desacetilases,PN0576
14596,História da Odontologia,PI0124
14612,HIV-1,PI0380
14663,Hormônio do Crescimento,PI0462
14746,Humanização da Assistência,"PI0092, PI0548"
14829,Identificação de Vítimas,AO0183
14833,Idoso,"PI0171, PI0556, PI0624, PI0843, PI0846, PN0909, PN1834"
14855,Ilex paraguariensis,PN1450
14888,Imagem por Ressonância Magnética,"PN0234, PN0259, PN0263, PN1172, PN1443, PN1733"
14891,Imagem Tridimensional,"AO0156, PN1674"
14920,Impacto Psicossocial,AO0199
14921,Impactos na Saúde,PI0235
14934,Implante de Prótese,PI0781
14936,Implante de Prótese Mandibular,PI0482
14937,Implante de Prótese Maxilofacial,"PN0219, PN0512, PN0514, PN0601, PN0836"
14939,Implante Dentário,"AO0113, AO0132, AO0133, AO0135, AO0136, AO0144, AO0153, AO0164, AO0173, AO0212, PI0022, PI0175, PI0179, PI0325, PI0328, PI0329, PI0482, PI0634, PI0710, PI0781, PI0786, PN0197, PN0280, PN0283, PN0284, PN0285, PN0286, PN0289, PN0292, PN0294, PN0296, PN0303, PN0304, PN0307, PN0311, PN0482, PN0513, PN0589, PN0590, PN0596, PN0598, PN0599, PN0600, PN0601, PN0602, PN0604, PN0605, PN0608, PN0613, PN0615, PN0618, PN0620, PN0621, PN0659, PN0851, PN0869, PN1178, PN1194, PN1195, PN1522, PN1523, PN1524, PN1529, PN1530, PN1532, PN1533, PN1534, PN1536, PN1539, PN1542, PN1544, PN1545, PN1546, PN1549, PN1551, PN1555, PN1835, PN1836, PN1838, PN1840, PN1841, PN1845, PN1848, PN1849, PN1850, PN1855, PN1858, PN1864"
14940,Implante Dentário Endoósseo,"PI0780, PN0592, PN0604"
14951,Implantes Dentários,"FC027, AO0027, AO0041, AO0114, AO0130, AO0134, AO0138, AO0139, AO0142, AO0145, AO0146, AO0149, AO0203, PI0003, PI0024, PI0025, PI0027, PI0174, PI0177, PI0178, PI0233, PI0326, PI0327, PI0480, PI0566, PI0612, PI0632, PI0633, PI0764, PI0782, PN0170, PN0218, PN0281, PN0287, PN0295, PN0298, PN0305, PN0306, PN0549, PN0552, PN0591, PN0595, PN0603, PN0606, PN0607, PN0609, PN0610, PN0612, PN0614, PN0617, PN0622, PN0720, PN0765, PN0776, PN0831, PN0835, PN0841, PN0859, PN0860, PN0938, PN0947, PN0951, PN0961, PN1156, PN1185, PN1206, PN1414, PN1483, PN1525, PN1526, PN1527, PN1535, PN1540, PN1541, PN1548, PN1550, PN1839, PN1842, PN1851, PN1852, PN1861, PN1863"
14952,Implantes Dentários para Um Único Dente,"AO0148, PI0479, PN0084, PN1532, PN1839"
14953,Implantes Experimentais,"PI0021, PI0176"
14954,Implantes Orbitários,PN1531
14961,Impregnação pela Prata,PI0376
14964,Impressão,PN1845
14973,Imputabilidade,PN1217
14974,Imunidade,PN1297
14981,Imunização,PI0207
14997,Imunofenotipagem,HA001
15001,Imunoglobulina A,"PI0056, PI0513, PN0678, PN1683"
15011,Imunoistoquímica,"PI0008, PI0220, PI0508, PN0238, PN0565, PN1750"
15012,Imunologia de Transplantes,PN0294
15017,Imunossupressão,"AO0123, PI0148, PN0253, PN1647, PN1797"
15023,In Vitro,"AO0093, PN0498, PN1670"
15042,Incidência,PN1677
15049,Incisivo,"PN0677, PN1193, PN1365, PN1400, PN1649"
15075,Indicador de Colaboração,PI0301
15076,Indicador de Risco,"FC023, PN1843"
15077,Indicadores,PN1491
15079,Indicadores Básicos de Saúde,PN1224
15095,Indicadores de Qualidade de Vida,"PI0455, PI0598, PN1162"
15096,Indicadores de Qualidade em Assistência à Saúde,PN0444
15098,Indicadores de Serviços,PN1817
15103,Indicadores Sociais,PI0138
15105,Índice CPO,PI0844
15107,Índice de Massa Corporal,"PI0857, PN1005"
15108,Índice Periodontal,"PN1200, PN1488"
658,Índios Sul-Americanos,PI0084
15129,Indometacina,PN1070
15150,Indústria de Cal e Gesso,PI0254
15208,Infecção,"PI0082, PI0510, PI0813, PN0077, PN1316, PN1459"
15211,Infecção Focal,PI0207
15212,Infecção Focal Dentária,PN0088
15213,Infecção Hospitalar,PN0080
15308,Infecções por Herpesviridae,PN1440
15385,Infiltração,"PI0489, PI0618, PI0625, PN1437"
15387,Infiltração Dentária,"PI0265, PN0105, PN0470, PN1256, PN1567, PN1576"
15390,Inflamação,"FC007, FC008, AO0088, AO0126, PI0070, PI0072, PI0607, PI0666, PN0085, PN0335, PN0939, PN1181, PN1250, PN1291, PN1305, PN1737, PN1787"
15398,Informação,PN1521
15404,Informática em Saúde Pública,PN1768
15406,Informática Odontológica,PN1406
15408,Infraestrutura,PN0908
15482,Inibidores Enzimáticos,PN0491
15555,Instituição de Longa Permanência para Idosos,PN0221
15556,Instituições Acadêmicas,PI0517
15561,Instituições de Ensino Superior,"PN0865, PN1700"
15581,Instrumentos Cirúrgicos,PI0329
15582,Instrumentos Odontológicos,"PI0118, PI0341, PI0711, PN0025, PN0048, PN0060, PN0338, PN1255, PN1271, PN1593"
15597,Insuficiência Renal,PN1427
15599,Insuficiência Renal Crônica,"PO011, PI0076, PI0536, PI0670, PN1333, PN1513, PN1633"
15651,Interações Hospedeiro-Patógeno,PI0049
15677,Interleucina-10,PI0217
15683,Interleucina-17,"AO0067, PN0046"
15692,Interleucina-6,PN1478
15696,Interleucinas,"PN1429, PN1448"
15704,Internet,PN1521
15707,Interpretação de Imagem Radiográfica Assistida por Computador,PN0803
15728,Intoxicação Alcoólica,PI0384
15755,Intubação,"PI0097, PN0688"
15840,Iris,PI0016
15853,Irradiação Corporal Total,AO0086
15859,Irrigação,"AO0066, PN0030, PN0036, PN0360, PN1258, PN1777"
15861,Irrigação por Gotejamento,PN1274
15863,Irrigantes do Canal Radicular,"AO0069, PI0490, PI0491, PI0571, PI0793, PN0024, PN0378, PN0811, PN1262, PN1273, PN1274, PN1594"
15953,Isotretinoína,PN0401
15966,Itérbio,AO0061
16038,Jurisprudência,"PI0709, PN0920"
16126,Lábio,"FC019, PI0218, PI0309, PI0374, PN0636"
16156,Lactobacillus,"AO0101, PN0706, PN1313"
16166,Lactobacillus rhamnosus,PI0656
16169,Lactoferrina,PI0297
16245,Larva,PN0095
16250,Lasers,"PI0222, PI0486, PI0882, PN0078, PN0144, PN0166, PN0179, PN0233, PN0273, PN0747, PN0799, PN0868, PN1080, PN1130, PN1267, PN1613, PN1632, PN1686, PN1774"
16258,Látex,"PN0952, PN1402"
16274,Laurus,PN1616
16290,Lectina de Ligação a Manose,PN0035
16304,Legislação,PI0698
16327,Leis,PI0542
16349,Leite Humano,PN1312
16366,Lentes de Contato,PN0504
16408,Lesão por Inalação de Fumaça,PN0325
16413,Lesões dos Tecidos Moles,"PI0060, PI0214"
16417,Lesões por Radiação,PN0235
16418,Lesões Pré-Cancerosas,"AO0127, PN1752, PN1767"
16429,Leucemia,"PN1009, PN1770"
16445,Leucemia Linfóide,PN1440
16491,Leucoplasia,"PI0525, PI0820, PN0575"
16492,Leucoplasia Bucal,"AO0111, PI0067, PI0217, PN0558"
16515,Levantamentos de Saúde Bucal,"PI0544, PI0592, PN0913, PN1229, PN1819, PN1821"
16517,Levantamentos Epidemiológicos,"PN0913, PN1200"
16571,Ligamento Periodontal,"FC015, PI0603, PN0180, PN0992, PN1689, PN1741"
16587,Ligas de Cromo,"PN0124, PN0834"
16589,Ligas Dentárias,"PN0850, PN1054"
16590,Ligas Metalo-Cerâmicas,"PN0210, PN0461, PN0826"
16653,Linfócitos T Citotóxicos,PN1800
16681,Língua,PN0881
16694,Linhagem Celular,PN0348
16707,Liofilização,"AO0151, PN0873"
16728,Lipopolissacarídeos,PN1482
16754,Líquen Plano Bucal,"PI0363, PN0258"
16763,Líquido Dentinal,PI0268
16820,Livros,PI0240
16885,Longevidade,"PI0470, PI0884, PN0131, PN0769, PN0777, PN1094, PN1101"
16907,Lubrificação,PN0302
16908,Lubrificantes,PI0414
16941,Luvas Protetoras,"PI0430, PI0511"
16984,Macrófagos,PN1771
16986,Macrófagos Peritoneais,"AO0088, PN0351"
17006,Mães,PI0064
17075,Maloclusão,"AO0019, PI0101, PI0139, PI0601, PI0905, PN0203, PN0527, PN0665, PN0698, PN0723, PN1003, PN1398, PN1707"
17077,Maloclusão de Angle Classe II,"PI0301, PN0708, PN1341, PN1358, PN1368, PN1387, PN1389, PN1391, PN1410, PN1666, PN1673, PN1678, PN1714"
17078,Maloclusão de Angle Classe III,"PI0301, PN1342, PN1396"
17087,Malva,"FC008, PN1796"
17105,Mandíbula,"PI0384, PN0012, PN0549, PN0587, PN0713, PN0940, PN1523, PN1766, PN1804"
17124,Manifestações Bucais,"PI0524, PI0589, PI0669, PN1327, PN1454"
17175,Manutenção,PN1791
17179,Manutenção Preventiva,PN0885
17196,Mapa de Risco,PO013
17224,Marcadores Biológicos,"FC010, AO0142, PI0233, PN1409, PN1483"
17250,Marketing de Serviços de Saúde,"PE011, PN0906"
17283,Mastigação,"AO0046, AO0053, AO0138, AO0197, AO0210, PN0382, PN0526, PN0540, PN0830, PN0861"
17289,Mastócitos,"AO0103, PN0936, PN0941, PN1209"
17303,Materiais Biocompatíveis,"AO0058, PI0003, PI0631, PI0764, PI0766, PN0298, PN0759, PN1846"
17305,Materiais Biomiméticos,HA012
17310,Materiais Dentários,"AO0183, AO0189, PE004, PI0112, PI0113, PI0117, PI0124, PI0167, PI0258, PI0415, PI0568, PI0570, PI0577, PI0716, PI0721, PI0731, PI0864, PI0870, PN0091, PN0104, PN0108, PN0117, PN0122, PN0128, PN0140, PN0148, PN0155, PN0160, PN0185, PN0186, PN0190, PN0191, PN0231, PN0266, PN0389, PN0450, PN0457, PN0459, PN0469, PN0485, PN0513, PN0574, PN0755, PN0763, PN0775, PN0787, PN0804, PN0809, PN0812, PN0825, PN1046, PN1050, PN1053, PN1075, PN1099, PN1145, PN1309, PN1357, PN1474, PN1480"
17313,Materiais para Moldagem Odontológica,"PI0771, PN0216, PN0460, PN0499, PN0530, PN0531, PN0539, PN0617, PN0848, PN1052"
17314,Materiais Restauradores do Canal Radicular,"AO0015, PN0033, PN0047, PN0200, PN0240, PN1337"
17315,Materiais Revestidos Biocompatíveis,PN1372
17322,Matricaria,PI0658
17323,Matriz Extracelular,"HA005, PI0787"
17325,Matriz Óssea,"AO0166, PN0891, PN0935, PN0944"
17328,Maturidade Cervical,PN1644
17337,Maus-Tratos Infantis,"PI0089, PI0247, PI0286, PN1395, PN1803"
17339,Maxila,"AO0156, PI0310, PN0297, PN0322, PN1008, PN1174"
17346,Mecânica,"PN1641, PN1645"
17367,Mediadores da Inflamação,"PI0305, PI0458, PI0907, PN0376, PN0546, PN0562, PN1759"
17412,Medicamentos de Uso Contínuo,AO0048
17415,Medicamentos Fitoterápicos,"AO0089, PI0063, PI0192, PI0209, PI0224, PI0282, PI0367, PI0476, PI0652, PI0729, PN0396, PN1245, PN1279, PN1306"
17425,Medição da Dor,PN1634
17450,Medicina Baseada em Evidências,"PI0231, PI0385, PI0668"
17451,Medicina Bucal,PN1829
17460,Medicina do Trabalho,PN1219
17504,Medidas,PI0908
17526,Medo,"PI0137, PI0549, PN1221"
17532,Medula Óssea,"PI0501, PN1188, PN1859"
17564,Meios de Contraste,PI0496
17565,Meios de Cultivo Condicionados,PN1592
17580,Melanoma,FC021
17589,Melatonina,"PI0612, PN0938"
17611,Membrana Basal,PN1437
17677,Menopausa,PN0930
17680,Menores de Idade,"PI0389, PN1475"
17702,Mercado de Trabalho,"AO0037, PE011"
17708,Mercúrio,"PN1083, PN1113"
17762,Metabolismo,"PN1311, PN1633"
17769,Metacrilatos,PI0117
17796,Metaloproteinase 20 da Matriz,PN1344
17799,Metaloproteinase 8 da Matriz,"PI0327, PN1041"
17801,Metaloproteinases da Matriz,"HA010, AO0077, PI0069, PI0276, PI0882, PI0898, PN0417, PN1437"
17804,Metalotioneína,"PI0069, PI0521"
17808,Metanálise,"PI0422, PN0015, PN1176, PN1851"
17825,Metas,PN1491
17826,Metástase Linfática,PN1419
17828,Metástase Neoplásica,PN1771
17846,Metformina,PI0176
17883,Metilação de DNA,FC022
17917,Metiltransferases,PI0066
17960,Metotrexato,AO0112
17971,Metronidazol,"PI0307, PN1789, PN1793"
17996,Miconazol,PN0399
18001,Microabrasão do Esmalte,PN0791
18003,Microbiologia,"AO0025, PI0052, PI0507, PI0639, PI0655, PI0810, PI0814, PN0071, PN0084, PN0285, PN0310, PN0366, PN0395, PN0494, PN0884, PN1205, PN1267, PN1598, PN1607, PN1624"
18014,Microcirculação,PN1603
18025,Microdissecção,PN1471
18049,Microondas,"PI0166, PN0213, PN0858"
18053,MicroRNAs,AO0125
18055,Microscopia,"PN0342, PN0559, PN0584, PN1271"
18057,Microscopia Confocal,"AO0146, PN0153, PN0350, PN0817, PN1276, PN1279, PN1581"
18062,Microscopia de Força Atômica,PN1090
18064,Microscopia de Polarização,PN0942
18068,Microscopia Eletrônica,"PI0329, PN0949, PN1112"
18069,Microscopia Eletrônica de Transmissão,"PN0260, PN0628"
18072,Microscopia Eletrônica de Varredura,"PI0040, PI0184, PI0190, PI0193, PI0335, PI0619, PI0871, PN0042, PN0056, PN0145, PN0194, PN0364, PN0378, PN0451, PN0455, PN0496, PN0497, PN0590, PN0746, PN0807, PN0947, PN1046, PN1064, PN1068, PN1116, PN1186, PN1561, PN1581"
18091,Midazolam,PN0998
18103,Mieloma Múltiplo,"HA021, PI0682"
18133,Minerais,PN1206
18238,Mobilidade Ocupacional,AO0037
18264,Modelos Animais,"PI0526, PN1780"
18266,Modelos Biológicos,PN1456
18272,Modelos Dentários,"PI0617, PI0759, PN0462, PN0974, PN1021, PN1704"
18320,Moléculas de Adesão Celular,"PI0114, PN0550, PN1621, PN1746"
18324,Molhabilidade,"PN0051, PN0190, PN0597, PN1535"
18419,Mordida Aberta,"PI0150, PI0759, PI0898, PN0648, PN1016, PN1383, PN1493, PN1704"
18424,Morfologia,"PI0010, PN0001, PN0042, PN0144, PN0587, PN0880, PN0950, PN1409, PN1755"
18479,Motocicletas,PI0245
18480,Movimentação Dentária,"FC007, FC012, FC015, AO0022, PI0134, PI0607, PI0909, PI0911, PN0654, PN0710, PN0712, PN0847, PN0959, PN0967, PN0989, PN0992, PN1334, PN1335, PN1360, PN1364, PN1407, PN1411, PN1639, PN1657, PN1660, PN1703, PN1721"
18483,Movimento Celular,PN0023
18505,Mucopolissacaridose II,PN1343
18507,Mucopolissacaridose IV,PN0271
18508,Mucopolissacaridose VI,PN1343
18510,Mucopolissacaridoses,AO0020
18516,Mucosa Bucal,"PI0214, PN0232, PN0871, PN1442, PN1459"
18523,Mucosite,"FC020, AO0112, PI0026, PI0068, PI0367, PI0785, PN0272, PN0546, PN0869, PN1759"
18564,Músculo Esquelético,"PI0159, PN0526"
18568,Músculo Masséter,"HA008, PN0845"
18571,Músculos,PI0023
18578,Músculos Mastigatórios,"PI0762, PN0262, PN0707, PN0838, PN0937"
18587,Música,"PI0083, PN1393"
18590,Mutação,PI0672
18718,Naftoquinonas,PN1610
18735,Nanocápsulas,PN1070
18741,Nanopartículas,"AO0179, PI0050, PN0038, PN0044, PN0146, PN0191, PN0493, PN0755, PN0857, PN1019, PN1026, PN1116, PN1289, PN1323, PN1559"
18742,Nanopartículas Metálicas,"PI0040, PN0056, PN0448, PN1079, PN1108"
18744,Nanotecnologia,"AO0170, PI0710, PI0718, PN0117, PN0448, PN1184, PN1382, PN1671, PN1715"
18745,Nanotubos,HA012
18750,Não-Disjunção Genética,PN1040
18763,Nariz,PN0685
18768,Nascimento Prematuro,"PI0136, PN0978"
18771,Nasofaringe,PN0679
18780,National Center for Health Care Technology (U.S.),PE005
18858,Necrose da Polpa Dentária,"AO0124, PN0061"
18932,Neoplasias,"PI0398, PN0657"
18936,Neoplasias Bucais,"PI0525, PI0828, PI0829, PN0265, PN0277, PN0578, PN0921, PN1442, PN1445, PN1769"
18967,Neoplasias das Glândulas Salivares,"PI0220, PN0247"
18974,Neoplasias de Cabeça e Pescoço,"PI0315, PI0515, PI0673, PI0680, PN0272, PN0586, PN1740, PN1754"
19000,Neoplasias do Seio Maxilar,PN0520
19030,Neoplasias Hematológicas,PN1009
19047,Neoplasias Maxilomandibulares,PN1726
19056,Neoplasias Orofaríngeas,PI0377
19103,Neovascularização Patológica,PN0252
19126,Nervo Mandibular,"PN0563, PN1438"
19165,Neurilemoma,PN1424
19193,Neurofibroma,PN1424
19195,Neurofibromatose 1,PN1447
19258,Neutralização,PN1077
19261,Neutrófilos,AO0100
19303,Nicotina,"PI0911, PN0281, PN1545"
19326,Nióbio,PN0358
19341,Nitrato de Prata,PN1066
19487,Notificação,PN1802
19489,Notificação de Abuso,"PI0237, PI0848"
19593,Nutrição da Criança,PI0090
19627,Obesidade,"AO0055, AO0087, PI0057, PI0463, PN0382, PN0930, PN0931, PN0933, PN1182, PN1212, PN1716"
19628,Obesidade Mórbida,"AO0053, PI0851, PN0926, PN1210, PN1222"
19651,Obstrução das Vias Respiratórias,"PI0155, PN1676"
19657,Obstrução Nasal,PN1023
19663,Obturação do Canal Radicular,"PI0034, PI0333, PI0590, PI0647, PI0715, PN0033, PN0047, PN0048, PN0661, PN1276, PN1290, PN1293, PN1366, PN1571, PN1585, PN1590, PN1658, PN1688"
19665,Obturadores Palatinos,PN0520
19696,Oclusão Dentária,"PN0211, PN0762, PN0784, PN1346, PN1389"
19699,Oclusão Dentária Traumática,PN0223
19718,Odontalgia,"PI0436, PN0362, PN1006, PN1705"
19719,Odontoblastos,"AO0172, PI0562, PN0341"
19721,Odontogênese,"PI0306, PN0004, PN0235, PN1036"
19723,Odontologia,"AO0043, AO0120, AO0214, PO016, PE002, PI0005, PI0058, PI0237, PI0286, PI0289, PI0358, PI0432, PI0507, PI0510, PI0551, PI0555, PI0670, PI0699, PI0705, PN0585, PN0737, PN0906, PN0907, PN1214, PN1240, PN1516, PN1520, PN1655, PN1807, PN1811, PN1830, PN1850"
19725,Odontologia do Trabalho,"PO012, PN1219"
19726,Odontologia em Saúde Pública,"PO016, PI0394, PI0548, PN0645, PN1504"
19728,Odontologia Geral,"PE010, PN0517"
19729,Odontologia Geriátrica,"PI0253, PN0924, PN0948"
19730,Odontologia Legal,"AO0183, PE013, PI0011, PI0087, PI0249, PI0309, PI0310, PI0311, PI0541, PI0543, PI0694, PI0848, PN0098, PN0255, PN0572, PN0582, PN0631, PN0914, PN1218, PN1434, PN1518, PN1728"
19732,Odontologia Preventiva,"AO0169, PI0298, PI0447, PN1308"
19733,Odontólogos,"PI0146, PN1215"
19735,Odontometria,"PI0011, PI0131, PI0791, PN0331, PN0375, PN0914, PN1570"
19737,Odontopediatria,"AO0003, AO0020, PI0098, PI0135, PI0251, PI0291, PI0293, PI0298, PI0415, PI0434, PI0442, PI0592, PI0700, PI0740, PI0751, PI0752, PI0893, PI0896, PI0897, PN0080, PN0657, PN0728, PN0730, PN0958, PN0980, PN1006, PN1331, PN1367, PN1386, PN1652, PN1655, PN1692, PN1697, COL003, COL010"
19784,Olho Artificial,"PI0016, PI0018, PI0020, PI0201, PN0840"
19828,Oncologia,"PI0524, PN1238, PN1445"
19920,Organização Mundial da Saúde,PN0960
20001,Orofaringe,"PI0829, PN0257, PN0679, PN0684"
20016,Ortodontia,"AO0009, AO0017, PE003, PI0142, PI0150, PI0303, PI0455, PI0456, PI0567, PI0599, PI0600, PI0745, PI0756, PI0757, PI0904, PI0907, PI0908, PI0909, PN0007, PN0111, PN0614, PN0632, PN0641, PN0642, PN0644, PN0646, PN0659, PN0663, PN0665, PN0671, PN0674, PN0681, PN0682, PN0687, PN0690, PN0692, PN0693, PN0694, PN0696, PN0698, PN0701, PN0707, PN0708, PN0711, PN0714, PN0722, PN0952, PN0959, PN0969, PN0970, PN0972, PN0973, PN0974, PN0979, PN0987, PN0990, PN1002, PN1011, PN1039, PN1118, PN1125, PN1136, PN1336, PN1338, PN1341, PN1358, PN1361, PN1374, PN1387, PN1388, PN1394, PN1398, PN1406, PN1412, PN1641, PN1642, PN1645, PN1646, PN1648, PN1650, PN1654, PN1660, PN1663, PN1681, PN1686, PN1700, PN1704, PN1717, PN1724, COL013"
20017,Ortodontia Corretiva,"FC014, AO0012, PI0453, PI0608, PN0653, PN0953, PN0995, PN1037, PN1193, PN1360, PN1678, PN1680, PN1714"
20018,Ortodontia Interceptora,"PN1666, PN1714"
20019,Ortodontia Preventiva,PN1503
20037,Osseointegração,"AO0133, AO0134, AO0140, AO0173, PI0003, PI0006, PI0025, PI0174, PI0175, PI0178, PI0308, PI0481, PI0629, PI0764, PI0766, PN0281, PN0607, PN0621, PN0622, PN1206, PN1527, PN1545, PN1552, PN1837, PN1854"
20041,Osso e Ossos,"AO0086, AO0115, PI0023, PN0009, PN0276, PN0304, PN0547, PN0873, PN1405"
20046,Osso Hióide,"AO0157, PN0557"
20063,Ossos Faciais,"AO0154, PI0464"
20076,Osteoblastos,"AO0150, PI0763, PN0282, PN0293, PN0619, PN1537"
20077,Osteocalcina,"PI0466, PN0314, PN0889, PN1732"
20078,Osteócitos,PI0079
20079,Osteoclastos,"PN0066, PN0248, PN0625, PN0710, PN0712, PN0941, PN1487, PN1837"
20088,Osteogênese,"PN0004, PN1859"
20090,Osteogênese por Distração,PN1481
20091,Osteólise,PN0939
20096,Osteomielite,PN0379
20097,Osteonecrose,"PI0009, PI0024, PI0062, PI0154, PI0368, PI0761, PN0553, PN1418"
20101,Osteopontina,"PI0466, PN0282"
20102,Osteoporose,"HA023, AO0128, PI0006, PI0308, PI0501, PN0619, PN0624, PN1460, PN1468"
20103,Osteoporose Pós-Menopausa,"HA009, PI0351, PN1758"
20109,Osteotomia,"PI0024, PN0326, PN0656, PN0943, PN1481, PN1866"
20125,Otopatias,AO0202
20138,Ovariectomia,"PI0765, PI0837, PN0624"
20185,Óxido de Cálcio,"PI0184, PI0496, PI0639, PN0373"
20186,Óxido Nítrico Sintase,"HA006, PI0030, PN1208"
20194,Oxigenação Hiperbárica,PN0014
20207,Oximetria,"AO0004, PN0336"
20240,Pacientes,"PI0550, PN0945"
20245,Pacientes Internados,PN1231
20257,Pais,"PI0855, PN0903, PN0904"
20264,Paladar,"PI0365, PI0822"
20268,Palato,"PN0688, PN0911, PN1356"
20269,Palato Duro,"PI0451, PN0871, PN1404"
20347,Papila Dentária,"PI0331, PN1192"
20358,Papiloma,PI0823
20380,Paracoccidioidomicose,PI0375
20392,Parafusos Ósseos,PN1717
20405,Paralisia Cerebral,"HA008, FC025, AO0120, PI0133, PI0395, PN0092, PN0527, PN1223, PN1239, PN1710, PN1813"
20424,Parâmetros,PI0327
20472,Parestesia,PN0630
20496,Partículas,"AO0190, PI0257, PI0712, PN0426"
20502,Partículas Inorgânicas,"PI0717, PN0735"
20537,Patentes,PI0452
20545,Patologia,"PN0258, PN0575"
20546,Patologia Bucal,"PN0195, PN0559, PN1738, PN1751, PN1765"
20606,Película Dentária,PI0429
20689,Peptídeos,PI0338
20691,Peptídeos Catiônicos Antimicrobianos,"PI0739, PN1204, PN1207"
20694,Peptídeos e Proteínas de Sinalização Intercelular,PN0611
20712,Percepção,"PI0101, PI0274, PI0299, PI0553, PN1349, PN1802, PN1825"
20715,Percepção de Cores,"PI0126, PI0163, PI0778, PN0113, PN0412, PN1095"
20721,Percepção de Quorum,"FC017, PN0072"
20727,Percepção Social,"PE009, PN0537"
20729,Percepção Visual,PI0599
20742,Perda Auditiva Provocada por Ruído,PN1827
20745,Perda da Inserção Periodontal,"PI0831, PN0888, PN1476"
20748,Perda de Dente,"PO013, PI0354, PI0389, PI0554, PI0648, PI0851, PN0535, PN0926, PN0931, PN0933, PN0987, PN1210, PN1220, PN1222, PN1384, PN1385"
20749,Perda de Heterozigosidade,PN1424
20751,Perda de Peso,PN0776
20754,Perda Óssea Alveolar,"HA009, AO0148, PI0381, PI0528, PI0532, PI0632, PI0837, PN0309, PN0325, PN1180, PN1426, PN1856"
20760,Perfil de Saúde,"PI0637, PN1237, PN1765"
20814,Período de Transmissibilidade,PN0700
20818,Período Pós-Parto,PI0438
20822,Periodontia,"AO0028, PI0074, PI0231, PI0385, PI0686, PI0839, PN0111, PN0880, PN0884, PN0898, PN1186, PN1200, PN1360, PN1472, PN1474, PN1760, PN1794"
20823,Periodontite,"HA022, FC023, PI0077, PI0078, PI0224, PI0228, PI0232, PI0382, PI0383, PI0528, PI0535, PI0676, PI0687, PI0688, PI0689, PI0833, PI0835, PI0836, PN0883, PN0885, PN0894, PN0897, PN1179, PN1187, PN1191, PN1192, PN1209, PN1316, PN1468, PN1470, PN1473, PN1772, PN1780, PN1783, PN1786, PN1793"
20825,Periodontite Periapical,"AO0059, AO0060, AO0071, AO0078, PI0030, PI0332, PI0339, PI0788, PN0061, PN0064, PN0090, PN0244, PN0344, PN0346, PN0353, PN1265, PN1458"
20826,Periodonto,"PI0605, PN0223, PN0765, PN0888, PN0890"
20827,Periósteo,PI0075
20844,Permeabilidade da Dentina,"PI0278, PN0114, PN0747, PN1080, PN1130, PN1463"
20846,Permeabilidade Dentária,PN0178
20863,Peróxido de Hidrogênio,"AO0074, PI0103, PI0122, PI0267, PI0423, PI0425, PI0426, PI0728, PI0878, PI0881, PN0109, PN0151, PN0178, PN0465, PN0468, PN0473, PN0488, PN0791, PN0802, PN0807, PN0823, PN1061, PN1117, PN1123, PN1134"
20864,Peróxidos,PN0488
20867,Peroxirredoxinas,"HA021, PN0243"
20881,Peso ao Nascer,PI0136
20888,Pesos e Medidas Corporais,PN1727
20894,Pesquisa Biomédica,PN1069
20904,Pesquisa em Odontologia,"AO0169, PI0517, PI0711, PI0732, PN0067, PN1225, PN1228"
20913,Pesquisa Qualitativa,"PO018, PN1801"
20914,Pesquisa sobre Serviços de Saúde,"PN1025, PN1233"
20928,Pessoas com Deficiência,"PO003, PI0093, PI0236, PI0439, PN1027, PN1211, PN1494, COL007"
20929,Pessoas com Deficiência Mental,"PO009, PI0899"
20933,Pessoas Mentalmente Doentes,PN0900
21035,Pigmentação,"PI0423, PN0123, PN0454, PN0456, PN0473, PN0798, PN0802, PN1096, PN1121"
21065,Pinos Dentários,"PI0260, PI0271, PI0424, PI0432, PI0469, PI0582, PI0789, PN0136, PN0141, PN0153, PN0162, PN0165, PN0410, PN0436, PN0443, PN0476, PN0477, PN0491, PN0502, PN0517, PN0534, PN0538, PN0777, PN0812, PN0839, PN0849, PN1045, PN1051, PN1104, PN1140, PN1658"
21187,Placa Dentária,"AO0025, PI0043, PI0162, PI0498, PI0602, PN0658, PN1397"
21192,Placas Oclusais,"AO0207, PI0160, PI0314, PI0614, PI0616, PN0528, PN1142, PN1151, PN1756"
21193,Placas Ósseas,"PN0637, PN0639"
21195,Placebos,PN1698
21207,Planejamento,PN1550
21219,Planejamento em Saúde,PO023
21266,Plantas Medicinais,"AO0100, PI0052, PI0661, PI0808, PI0839, PN0265, PN0556, PN1295, PN1305, PN1318, PN1607"
21273,Plasma,PN0206
21274,Plasma Rico em Plaquetas,"PI0662, PN0640"
21366,Pneumoencefalografia,PI0007
21370,Pneumonia Associada à Ventilação Mecânica,"AO0105, PI0048, PN1629"
21457,Polícia,PI0215
21477,Polietilenotereftalatos,PI0366
21478,Polifosfatos,"AO0002, PN0997, PN1017, COL001"
21485,Poliidroxietil Metacrilato,AO0172
21489,Polimento Dentário,"PI0259, PI0569, PI0874, PI0885, PN0184, PN0463, PN0510, PN0704, PN0763, PN1125, PN1150"
21490,Polímeros,"AO0168, PI0323, PN0118, PN1776, PN1857, PN1867, COL014"
21492,Polimetil Metacrilato,"PI0020, PN0206, PN0213, PN0449, PN1153"
21499,Polimorfismo de Um Único Nucleotídeo,PN1430
21500,Polimorfismo Genético,"AO0009, PI0536, PI0600, PI0898, PN0086, PN0270, PN0305, PN0578, PN1208, PN1383, PN1470, PN1735"
21535,Polissacarídeos,PN1296
21536,Polissacarídeos Bacterianos,AO0097
21567,Políticas Públicas,PN1805
21568,Políticas Públicas de Saúde,"PI0399, PI0402, PN1511, PN1768"
21579,Polpa Dentária,"AO0004, AO0064, PI0827, PN0006, PN0055, PN0336, PN0348, PN1592, PN1596, PN1697"
21659,População,PN1500
21673,Populações Vulneráveis,PI0542
21677,Porcelana Dentária,"PI0123, PI0128, PI0163, PI0406, PI0413, PI0475, PI0561, PI0565, PN0183, PN0189, PN0516, PN0541, PN0826, PN0853, PN0864, PN0866, PN1326"
21695,Porosidade,"PI0166, PN0828"
21700,Porphyromonas gingivalis,"PN0381, PN1263, PN1315, PN1482, PN1795"
21702,Portadores de Deficiência Visual,PN0975
21723,Postura,"AO0044, PN0832, PN1348"
21745,Potencial zeta,"AO0190, PN0426"
21775,Prata,"PN0152, PN0857, PN1323"
21780,Prática de Saúde Pública,PI0248
21787,Prática Profissional,"PE020, PN1826"
21828,Pré-Escolar,"AO0021, PI0056, PI0141, PI0151, PI0288, PI0435, PI0437, PI0444, PI0594, PI0889, PI0900, PI0903, PN0669, PN0726, PN0903, PN0904, PN0996, PN1003, PN1034, PN1324, PN1328, PN1340, PN1353, PN1369, PN1399, PN1679, PN1684"
21813,Preconceito,"PN0910, PN1243"
21849,Prematuro,PN0688
21868,Preparo da Cavidade Dentária,"PN0122, PN0813"
21869,Preparo de Canal Radicular,"HA003, AO0065, AO0069, PI0180, PI0488, PI0571, PN0031, PN0200, PN0340, PN0356, PN0666, PN0811, PN1248, PN1255, PN1270, PN1564, PN1593"
21870,Preparo do Dente,PN0855
21875,Prescrição de Medicamentos,"PE002, PE006, PI0058"
21883,Preservação de Amostras,PN1618
21891,Pressão Arterial,"PI0459, PN1781"
21897,Pressão Hidrostática,AO0186
21911,Prevalência,"PI0312, PI0392, PI0471, PI0744, PI0900, PN0726, PN0999, PN1032, PN1152, PN1265, PN1712, PN1812"
21912,Prevenção de Acidentes,"PO021, PI0358"
21915,Prevenção de Doenças,"FC020, PI0099, PI0671, COL013"
21918,Prevenção Primária,PN1828
21921,Previdência Social,PO012
21957,Prisões,PN0908
21970,Proantocianidinas,PI0880
21974,Probióticos,"AO0034, PN1313"
21984,Procedimentos Cirúrgicos Ambulatórios,AO0158
22009,Procedimentos Clínicos,PI0884
22010,Procedimentos de Ancoragem Ortodôntica,"AO0022, PI0021, PI0142, PN0659, PN0696, PN0720, PN0961, PN0989, PN0993, PN1008, PN1356, PN1396, PN1405, PN1673, PN1724"
22018,Processamento de Imagem Assistida por Computador,AO0062
22028,Processo Alveolar,"PN0663, PN0957"
22091,Produtos Biológicos,"PI0200, PI0204, PI0861, PN0080"
22092,Produtos com Ação Antimicrobiana,"PI0147, PI0204, PI0801, PN0056, PN0493, PN0519, PN1284, PN1295, PN1298, PN1607"
22127,Produtos para Higiene Dental e Bucal,PN1308
22139,Profilaxia Dentária,PN1781
22149,Prognatismo,"PN0623, PN1342"
22150,Prognóstico,"FC021, AO0111, PI0218, PN0558, PN1754"
22162,Programa Nacional de Controle do Tabagismo,PN0932
22164,Programa Saúde da Família,"PI0247, PI0540, PI0552, PI0854, PN0905, PN1500, PN1803"
22193,Projeto Auxiliado por Computador,"PI0413, PN0189"
22219,Proliferação de Células,"AO0121, PI0820, PN1738"
22231,Promoção da Saúde,"PO022, PI0093, PI0100, PI0399, PN0900, PN1216, PN1784, PN1806, PN1832"
22252,Propilenoglicol,PN0810
22265,Própole,PN0054
22273,Propriedades de Superfície,"PI0128, PI0173, PI0410, PI0766, PI0871, PI0872, PN0204, PN0208, PN0298, PN0423, PN0597, PN0731, PN0752, PN0825, PN1058, PN1103, PN1108, PN1857"
22274,Propriedades Físicas,"AO0180, AO0184, PI0731, PN0104, PN0118, PN0138, PN0423, PN0462, PN0501, PN0810, PN1565"
22275,Propriedades Físicas e Químicas,"AO0061, AO0079, PI0181, PI0564, PI0578, PI0792, PI0801, PN0038, PN0053, PN0107, PN0358, PN0373, PN0822, PN1129, PN1272, PN1277, PN1284, PN1289, PN1562, PN1591, PN1604, PN1671"
22276,Propriedades Químicas,PN1715
22294,Prostaglandinas,HA021
22324,Proteção Pessoal,PI0053
22364,Proteína Ácida Fibrilar da Glia,PN1294
22580,Proteínas ADAM,PN0544
22601,Proteínas Ativadoras de GTPase,"FC019, PI0374"
22608,Proteínas Citoesqueleto,PN1420
22626,Proteínas da Matriz Extracelular,PN0238
22733,Proteínas do Esmalte Dentário,PN0593
22792,Proteínas Morfogenéticas Ósseas,"PI0763, PN1417, PN1860"
22898,Proteínas Salivares,"PI0513, PN1297, PN1343, PN1716"
22949,Proteômica,"PN0066, PN1689"
22954,Prótese Dentária,"AO0042, AO0046, AO0052, AO0158, AO0196, AO0205, AO0211, AO0212, PI0017, PI0026, PI0162, PI0165, PI0170, PI0171, PI0243, PI0319, PI0467, PI0474, PI0476, PI0557, PI0785, PN0140, PN0163, PN0201, PN0215, PN0227, PN0279, PN0310, PN0385, PN0482, PN0513, PN0515, PN0533, PN0602, PN0603, PN0610, PN0613, PN0835, PN0843, PN1050, PN1153, PN1154, PN1169, PN1177, PN1514, PN1534, PN1542, PN1551, PN1855, PN1858, PN1864"
22955,Prótese Dentária Fixada por Implante,"AO0137, AO0139, AO0205, PI0027, PI0320, PI0482, PI0634, PI0786, PN0224, PN0286, PN0288, PN0303, PN0311, PN0509, PN0521, PN0523, PN0589, PN0604, PN0616, PN0620, PN0831, PN0841, PN1167, PN1171, PN1528, PN1533, PN1540, PN1541, PN1546, PN1835, PN1836, PN1838, PN1841, PN1843, PN1855, PN1856, PN1861"
22958,Prótese Maxilofacial,"PI0119, PN0219, PN0512, PN0514, PN0836, PN0837"
22960,Prótese Parcial,AO0206
22961,Prótese Parcial Fixa,"PI0163, PI0164, PI0470, PN0216, PN0218, PN0452, PN0589, PN0831, PN0860, PN1102"
22963,Prótese Parcial Removível,"PI0172, PI0227, PI0472, PI0478, PI0617, PI0628, PN0124, PN0508, PN0535, PN1146, PN1168, PN1525"
22966,Prótese Total,"FC027, AO0138, AO0149, AO0197, AO0198, AO0207, AO0210, PI0171, PI0253, PI0330, PI0393, PI0472, PI0473, PI0621, PI0623, PI0627, PI0706, PI0772, PI0773, PI0775, PI0777, PN0087, PN0195, PN0197, PN0225, PN0507, PN0510, PN0511, PN0519, PN0522, PN0542, PN0842, PN0847, PN0851, PN0852, PN0859, PN1144, PN1149, PN1166, PN1170, PN1174, PN1818"
22967,Prótese Total Imediata,"PI0019, PI0317"
22968,Prótese Total Inferior,PI0318
22969,Prótese Total Superior,"PI0822, PN0830"
22971,Próteses e Implantes,"AO0041, PI0022, PI0025, PN0170, PN0209, PN0292, PN0325, PN0529, PN1159, PN1839, PN1850, PN1865"
22975,Protetores Bucais,"HA014, PI0579, PN0182, PN1160"
22976,Protetores contra Radiação,PN0548
22988,Protocolos,PI0475
22990,Protocolos Clínicos,PN0149
23004,Prova Pericial,PN1518
23005,Provas de Rendimento,PI0244
23038,Pseudomonas aeruginosa,PN1605
23094,Psidium,PN0069
23112,Psoríase,"PN0566, PN1423, PN1455"
23162,Pulpectomia,"PI0131, PI0590, PN0349, PN0958, PN1035, PN1337"
23163,Pulpite,"AO0067, AO0074, AO0075, PN0055"
23164,Pulpotomia,"PN0680, PN1018, PN1041"
23228,Qualidade da Assistência à Saúde,PN1810
23232,Qualidade de Vida,"FC014, FC027, AO0008, AO0014, AO0042, AO0054, PO014, PO020, PI0013, PI0073, PI0284, PI0296, PI0299, PI0313, PI0320, PI0399, PI0439, PI0464, PI0470, PI0472, PI0474, PI0614, PI0634, PI0701, PI0702, PI0706, PI0775, PI0889, PI0894, PN0203, PN0214, PN0225, PN0520, PN0542, PN0652, PN0657, PN0686, PN0695, PN0724, PN0730, PN0854, PN0910, PN0925, PN0977, PN0996, PN1006, PN1024, PN1029, PN1033, PN1196, PN1199, PN1213, PN1220, PN1238, PN1328, PN1353, PN1367, PN1388, PN1498, PN1531, PN1646, PN1667, PN1701, PN1729"
23254,Queilite,PI0070
23256,Queimaduras,"PI0222, PN0233, PN0273"
23262,Quelantes,"PI0036, PN0368"
23297,Questionários,"HA018, PI0015, PI0019, PI0404, PI0468, PI0475, PI0663, PI0842, PN1744"
23352,Quimiocinas,PN1853
23362,Quimioterapia,"FC020, PI0078, PI0524, PI0528, PI0833, PN0652, PN0912"
23424,Quitosana,"PI0036, PI0147, PI0345, PI0870, PN0125, PN0676, PN0743, PN0767, PN1661, PN1846"
23444,Radiação Ionizante,"PN0243, PN0548, PN0944"
23457,Radiobiologia,PI0306
23459,Radiodermatite,PI0680
23461,Radiografia,"PI0216, PN0276, PN0569, PN1758"
23463,Radiografia Dentária,"PI0345, PI0381, PI0644, PN0264, PN0457, PN0577, PN0901, PN0956, PN1410"
23464,Radiografia Dentária Digital,"PI0674, PN0365, PN0551"
23465,Radiografia Interproximal,"PN0955, PN0984, PN1371"
23467,Radiografia Panorâmica,"AO0106, PE013, PI0010, PI0285, PI0371, PI0450, PI0675, PI0695, PI0910, PN0232, PN0243, PN0271, PN0642, PN1418, PN1726, PN1734, PN1739, PN1766"
23510,Radiologia,"PI0354, PI0370, PI0372, PI0517, PI0824, PN0020, PN0255, PN0561, PN0582, PN1441, PN1743, PN1744"
23516,Radioterapia,"PI0315, PI0680, PN0277, PN0514, PN0543, PN0586, PN1059, PN1131, PN1740, PN1741"
23534,Raios X,"PN1452, PN1749"
23536,Raiz Dentária,PN0538
23542,Raloxifeno,"HA023, AO0143, AO0146, PI0006"
23577,Raspagem Dentária,PI0074
23580,Ratos,"AO0034, PI0062, PI0078, PI0079, PI0081, PI0154, PI0463, PI0788, PI0833, PN0269, PN0405, PN0627, PN0868, PN0883, PN0946, PN1639"
23593,Ratos Endogâmicos SHR,"PI0532, PN0887"
23601,Ratos Wistar,"PI0021, PI0176, PI0384, PI0783, PI0911"
23610,Reabilitação,PI0478
23611,Reabilitação Bucal,"AO0042, PI0026, PI0706, PI0785, PI0786, PN0504, PN0620, PN1525, PN1527, PN1845, PN1858"
23615,Reabsorção da Raiz,"FC005, PN0345, PN0633, PN0664, PN0702, PN1407, PN1567, PN1583, PN1639, PN1689, PN1721"
23616,Reabsorção de Dente,"AO0009, PN1385"
23618,Reabsorção Óssea,"AO0130, PI0029, PN0066, PN0223, PN0293, PN0321, PN0702, PN0967, PN1523, PN1544, PN1548"
23633,Reação em Cadeia da Polimerase,"PN0346, PN1286, PN1440"
23641,Reações Bioquímicas,PN1063
23666,Reatividade-Estabilidade,PN1620
23676,Recém-Nascido,PN1327
23704,Receptor alfa de Estrogênio,HA009
23799,Receptores Androgênicos,PN1487
23826,Receptores da Calcitonina,PI0677
23869,Receptores de Canabinóides,PN1634
23904,Receptores de Glucocorticóides,PI0379
24064,Recidiva,"PI0149, PN0015"
24108,Recursos Humanos em Odontologia,"PE019, PI0092, PI0698, PN1495"
24109,Recursos Humanos em Saúde,"PI0555, PN1215"
24119,Recusa do Paciente ao Tratamento,PN0998
24151,Reembasadores de Dentadura,"PI0317, PN0199"
24158,Referência e Consulta,"PN1495, PN1829"
24176,Refluxo Gastroesofágico,"HA019, PN1730"
24189,Refrigerantes,"AO0029, PI0110"
24201,Regeneração,"HA002, AO0028, AO0064, PI0331, PI0492, PI0638, PN0061, PN0890, PN1484, PN1563"
24203,Regeneração Nervosa,PN0629
24204,Regeneração Óssea,"FC001, AO0162, PI0001, PI0075, PI0324, PI0463, PI0609, PI0629, PI0834, PN0006, PN0287, PN0300, PN0640, PN0886, PN0935, PN1188, PN1245, PN1776, PN1799, PN1844, PN1860"
24205,Regeneração Tecidual Guiada,"AO0057, PI0480"
24206,Regeneração Tecidual Guiada Periodontal,PN1189
24241,Registro da Relação Maxilomandibular,"PI0773, PN0709"
24253,Registros Odontológicos,"PI0311, PI0516, PN0631"
24286,Reimplante Dentário,"FC005, PI0765, PI0842, PN0016, PN0020, PN0041, PN0634, PN1583"
24308,Relações Dentista-Paciente,PI0092
24319,Relações Mãe-Filho,PI0390
24356,Remineralização Dentária,"AO0177, PI0041, PI0152, PN0177, PN0187, PN0394, PN0424, PN0751, PN0991, PN1001, PN1107, PN1310, COL006"
24366,Remodelação Óssea,"FC012, PN1657"
24386,Reparo do DNA,"FC018, PN1430"
24466,Reprodutibilidade dos Testes,"PI0302, PI0356"
24496,Resíduos,"PN0093, PN1113"
24508,Resíduos Odontológicos,PI0824
24516,Resinas,PN0752
24517,Resinas Acrílicas,"AO0170, PI0018, PI0168, PI0172, PI0408, PI0410, PI0618, PI0625, PN0196, PN0440, PN0515, PN0617, PN0840, PN0843, PN0858, PN1142, PN1161"
24518,Resinas Compostas,"AO0171, AO0176, PI0106, PI0107, PI0109, PI0111, PI0120, PI0125, PI0129, PI0130, PI0168, PI0272, PI0279, PI0347, PI0349, PI0415, PI0417, PI0430, PI0433, PI0564, PI0573, PI0578, PI0674, PI0719, PI0727, PI0731, PI0736, PI0760, PI0873, PI0874, PI0876, PI0885, PN0103, PN0106, PN0115, PN0117, PN0123, PN0128, PN0133, PN0137, PN0155, PN0157, PN0159, PN0174, PN0175, PN0192, PN0194, PN0419, PN0422, PN0423, PN0424, PN0426, PN0442, PN0463, PN0485, PN0516, PN0682, PN0683, PN0763, PN0772, PN0853, PN0993, PN1043, PN1058, PN1062, PN1076, PN1079, PN1091, PN1108, PN1121, PN1137, PN1640"
24531,Resistência a Medicamentos,PN1300
24538,Resistência à Tração,"PI0116, PI0129, PI0265, PI0273, PI0277, PI0430, PI0720, PI0723, PI0735, PI0736, PN0116, PN0130, PN0136, PN0164, PN0171, PN0311, PN0446, PN0464, PN0466, PN0468, PN0479, PN0533, PN0534, PN0609, PN0772, PN0785, PN0866, PN1054, PN1065, PN1135, PN1352, PN1411, PN1653"
24541,Resistência ao Cisalhamento,"AO0168, AO0185, PI0567, PI0713, PI0760, PN0037, PN0127, PN0413, PN0433, PN0441, PN0461, PN0470, PN0524, PN0682, PN0711, PN0716, PN0767, PN0777, PN0780, PN0788, PN0988, PN0990, PN1057, PN1105, PN1129, PN1136, PN1141, PN1326, PN1375, PN1642, PN1672"
24546,Resistência de Materiais,"PI0409, PI0776, PN0121, PN0139, PN0148, PN0226, PN0231, PN0497, PN0506, PN0529, PN0541, PN0674, PN0734, PN0736, PN0943, PN0986"
24556,Respiração,PN1346
24557,Respiração Artificial,PN1623
24558,Respiração Bucal,PI0604
24568,Responsabilidade Civil,"PI0709, PN0671, PN0920"
24587,Ressuscitação Cardiopulmonar,"PI0291, PI0664"
24588,Restauração Dentária Permanente,"PI0156, PI0269, PI0279, PI0421, PI0735, PI0876, PN0027, PN0122, PN0174, PN0175, PN0184, PN0438, PN0463, PN0479, PN0483, PN0489, PN0748, PN0762, PN0773, PN0792, PN1065, PN1071"
24589,Restauração Dentária Temporária,"PN0332, PN0736"
24590,Restaurações Intracoronárias,"PN0108, PN0808"
24595,Resultado de Tratamento,"PN0677, PN0722"
24607,Retenção em Prótese Dentária,"PI0770, PN0538"
24638,Retração do Coágulo,PI0177
24639,Retração Gengival,"FC024, PI0684, PN0875, PN1189, PN1203, PN1687, PN1774, PN1775, PN1792"
24642,Retratamento,"PI0033, PI0039, PI0494, PI0794, PN0048, PN0374, PN1257, PN1293"
24649,Retrognatismo,"PN0257, PN0626"
24666,Revestimento de Dentadura,PN0610
24668,Revestimentos,PN1867
24669,Revisão,"AO0010, AO0047, PI0027, PI0124, PI0385, PN0088, PN0280, PN0653, PN0842, PN1176, PN1396, PN1728"
24784,Ricinus communis,"PI0157, PN0205"
24824,Risco,PI0707
24829,Risco Relativo,PN0457
24833,Riscos Ocupacionais,"AO0043, PI0146"
24908,RNA Ribossômico 16S,PN1582
24936,Ronco,AO0119
24941,Rosa Bengala,"PI0657, PN1320"
24991,Ruído Ocupacional,PN1827
25030,Sacarose,AO0097
25031,Sacarose na Dieta,AO0090
25043,Saco Dentário,PN0316
25081,Saliva,"HA007, HA020, FC010, AO0013, PI0056, PI0144, PI0215, PI0362, PI0427, PI0442, PI0473, PI0515, PI0665, PI0746, PN0089, PN0382, PN0401, PN0403, PN0668, PN0678, PN0721, PN0919, PN1310, PN1314, PN1317, PN1392, PN1403, PN1427, PN1618, PN1665, PN1710, PN1716, PN1719, COL003, COL010, COL015"
25082,Saliva Artificial,"PI0650, PI0651, PN0850"
25083,Salivação,"PI0404, PN1416"
25144,Sangue,"AO0059, PI0736, PN0283, PN1844"
25235,Satisfação do Paciente,"AO0198, AO0210, PI0242, PI0320, PI0474, PI0540, PI0854, PN0225, PN0542, PN0653"
25241,Saúde,"PI0073, PI0550"
25243,Saúde Bucal,"AO0040, AO0051, AO0056, PO005, PO006, PO007, PO010, PO011, PO014, PO017, PE014, PE015, PI0085, PI0090, PI0097, PI0099, PI0100, PI0194, PI0236, PI0240, PI0246, PI0252, PI0296, PI0386, PI0387, PI0393, PI0395, PI0401, PI0434, PI0533, PI0539, PI0556, PI0557, PI0589, PI0691, PI0697, PI0701, PI0702, PI0746, PI0751, PI0752, PI0813, PI0821, PI0835, PI0840, PI0841, PI0847, PI0850, PI0853, PI0854, PN0214, PN0723, PN0730, PN0786, PN0877, PN0915, PN0919, PN0923, PN0925, PN0975, PN1022, PN1027, PN1211, PN1213, PN1230, PN1236, PN1237, PN1324, PN1427, PN1489, PN1494, PN1496, PN1498, PN1512, PN1513, PN1514, PN1515, PN1629, PN1668, PN1808, PN1813, PN1814, PN1816, PN1833, COL013"
25244,Saúde da Criança,PI0844
25246,Saúde da Família,"PO007, PN0655, PN0932, PN1244, PN1505"
25247,Saúde da Mulher,PN1434
25252,Saúde do Adolescente,PI0844
25256,Saúde do Idoso,"PI0557, PN0892"
25259,Saúde do Trabalhador,"AO0043, PN1496"
25261,Saúde Escolar,"PI0098, PI0691, PN1351, PN1506, PN1519"
25263,Saúde Indígena,PN1805
25264,Saúde Materno-Infantil,"PN1242, PN1810"
25265,Saúde Mental,PI0386
25269,Saúde Pública,"PI0086, PI0098, PI0223, PI0241, PI0251, PI0396, PI0397, PI0595, PI0611, PI0897, PN0717, PN1240, PN1509, PN1807"
25274,Saúde Suplementar,PI0858
25336,Sedação Consciente,"PI0435, PI0449, PN0608, PN0998"
25364,Segurança,PN1390
25397,Seio Maxilar,"FC002, AO0136, PI0371, PI0675, PN0002, PN0241, PN0261, PN0283, PN0581, PN0588, PN1444, PN1451, PN1457, PN1617, PN1694"
25401,Seios Paranasais,"PI0371, PI0675"
25406,Selantes de Fossas e Fissuras,"PI0447, PI0733, PN0445, PN1359, PN1656, PN1664, PN1699, PN1709, COL005"
25410,Seleção de Pessoal,PE018
25420,Selênio,"PN0351, PN1599"
25458,Sensibilidade da Dentina,"PI0534, PI0869, PI0878, PN0102, PN0168, PN0731, PN1130"
25459,Sensibilidade e Especificidade,"PI0264, PN0577"
25551,Serviço Hospitalar de Oncologia,PN0912
25581,Serviços de Integração Docente-Assistencial,PO023
25585,Serviços de Saúde,"PI0477, PI0497, PN0406, PN1520"
25586,Serviços de Saúde Bucal,"PI0540, PI0552, PI0700, PI0858, PN0899, PN1025, PN1233, PN1237, PN1495, PN1504, PN1817"
25597,Serviços de Saúde para Adolescentes,PN0150
25599,Serviços de Saúde para Idosos,PI0250
25609,Serviços Médicos de Emergência,PN0916
25653,Sialorréia,AO0120
25663,Sífilis,PN0254
25672,Silanos,"PI0120, PI0175, PI0261, PI0433, PI0568, PN0129, PN0143, PN0415, PN0644, PN0976, PN1045, PN1051, PN1325"
25677,Silicatos,PN0815
25714,Simulação por Computador,PE004
25723,Sinais e Sintomas,PN0222
25746,Sindecana-1,PN1417
25769,Síndrome da Disfunção da Articulação Temporomandibular,"PI0468, PI0762, PN0068, PN0222, PN0246, PN0528, PN0707, PN0861, PN1142, PN1143, PN1155, PN1160, PN1165, PN1172"
25826,Síndrome de Down,"PI0688, PI0849, PN1332"
25853,Síndrome de Imunodeficiência Adquirida,AO0107
387,Síndrome de Imunodeficiência Adquirida,AO0005
25917,Síndrome de Sjögren,"PN1415, PN1421, PN1431"
25930,Síndrome de Waardenburg,PI0672
25947,Síndrome do Cromossomo X Frágil,PN0089
25961,Síndrome do Nevo Basocelular,PI0679
26002,Síndrome X Metabólica,"PI0851, PN1220"
26003,Síndromes da Apnéia do Sono,"PI0155, PI0554, PI0616"
26004,Síndromes da Dor Miofascial,"AO0199, PN1151"
26049,Sintomas,"PI0014, PN0217"
26068,Sinusite,PN1457
26073,Sinvastatina,"PN0883, PN1272"
26121,Sistema Estomatognático,"PI0243, PI0601, PN0838, PN0937, PN1173"
26128,Sistema Imune,PN1181
26150,Sistema Tegumentar,PN0685
26151,Sistema Único de Saúde,"AO0056, PO023, PE017, PE021, PI0238, PI0241, PI0394, PI0396, PI0547, PI0550, PI0555, PN0916, PN1215, PN1224, PN1497, PN1808"
26188,Sistemas de Liberação de Medicamentos,PN1614
26245,Sobrepeso,"PN0699, PN0715, PN0907"
26246,Sobrevida,"AO0016, AO0200"
26248,Sobrevivência Celular,"PI0127, PI0729, PN0035, PN0511, PN0634, PN1077"
26270,Socorro de Urgência,PN0362
26275,Software,"PN0040, PN1441"
26291,Soldagem,AO0208
26292,Soldagem em Odontologia,"AO0195, PN0226, PN0509, PN0954, PN1352"
26312,Solubilidade,"PI0038, PI0166, PI0318, PI0722, PI0865, PN0450, PN0797, PN1074"
26313,Solubilidade da Dentina,PI0268
26333,Solventes,"PI0582, PI0794, PN0797"
26356,Sondas RNA,PN1191
26377,Sorodiagnóstico da AIDS,PN0928
26381,Soropositividade para HIV,PI0213
26385,Sorriso,"PI0274, PI0830, PN0953, PN0995, PN1696"
26444,Staphylococcus aureus,"PI0797, PI0807, PN0379, PN0393, PN1304, PN1609, PN1615"
26475,Streptococcus,"PI0047, PI0203, PI0357, PI0809, PN0079, PN0706, PN1661"
26481,Streptococcus gordonii,PI0660
26485,Streptococcus mutans,"AO0006, AO0085, AO0097, AO0098, PO001, PI0050, PI0108, PI0112, PI0297, PI0350, PI0416, PI0656, PI0657, PI0739, PI0811, PN0069, PN0072, PN0186, PN0407, PN0501, PN0651, PN0739, PN1089, PN1320, PN1606, PN1608, PN1611, PN1622, PN1651, COL004"
26576,Substitutos Ósseos,"AO0162, AO0166, AO0173, PI0325, PI0566, PN0621, PN1837"
26578,Substratos,PN1095
26651,Sucção,PN1038
26652,Sucção de Dedo,PI0446
26716,Sulfato de Cálcio,"PI0054, PI0559, PN0462, PN0494"
26726,Sulfato Férrico,PN1018
26727,Sulfato Ferroso,PN0070
26791,Supressão Genética,PI0763
26803,Suscetibilidade à Cárie Dentária,"PO001, PI0739, PN1815"
26809,Suturas,PN1484
26826,Tabaco,"PI0546, PI0859, PN0064, PN0131, PN1751, PN1786"
26829,Tabagismo,"PI0388, PI0530, PI0648, PI0831, PN1185, PN1204, PN1205, PN1477, PN1798"
26950,Taxa de Sobrevida,PI0377
26966,Tecido Conjuntivo,"AO0132, PN0891, PN1779"
26982,Técnica de Desmineralização Óssea,PN0584
26985,Técnica de Expansão Palatina,"AO0011, PI0907, PN0324, PN0656, PN0685, PN0964, PN1002, PN1365, PN1400"
26988,Técnica de Fundição Odontológica,"PN1050, PN1156"
26992,Técnica de Moldagem Odontológica,"PI0621, PI0623, PI0627, PN0286, PN0539, PN0842, PN0848"
26996,Técnica de Subtração,PN0551
27002,Técnica para Retentor Intra-Radicular,"PI0734, PN0200, PN0443, PN0444, PN1086, PN1169"
27003,Técnicas,"PN1566, PN1867"
27007,Técnicas Citológicas,PI0669
27014,Técnicas de Cultura de Células,"PI0662, PN0029, PN1448"
27023,Técnicas de Diagnóstico Molecular,PN1748
27031,Técnicas de Estimativa,PN1232
27102,Telecomunicações,PI0293
27105,Telefone Celular,"HA020, PN0397"
27106,Telemedicina,"PE012, PE021, PN0922, PN1454"
27116,Televisão,AO0049
27127,Temperatura Ambiente,PN0434
27140,Tempo,"PN0403, PN1390"
27166,Tensoativos,PN1301
27197,Terapêutica,"PI0058, PN1381, PN1463"
27199,Terapia a Laser,PI0189
27200,Terapia a Laser de Baixa Intensidade,"FC001, FC011, AO0039, AO0122, AO0153, AO0155, PI0068, PI0275, PI0678, PI0684, PI0804, PI0834, PN0081, PN0543, PN0546, PN0680, PN0972, PN1165, PN1250, PN1449, PN1759, PN1775, PN1792, PN1799"
27210,Terapia Comportamental,PO005
27218,Terapia de Reposição Hormonal,PN0016
27235,Terapia por Acupuntura,AO0054
27238,Terapia por Estimulação Elétrica,PI0134
27245,Terapia por Ultra-som,PN1777
27276,Teriparatida,AO0086
27292,Termogravimetria,"PI0712, PI0808, PN1079, PN1626"
27320,Teste da Polpa Dentária,PN0336
27336,Teste de Materiais,"AO0015, AO0070, PI0114, PI0254, PI0414, PI0647, PN0104, PN0993, PN1847"
27361,Testes de Atividade de Cárie Dentária,PO001
27365,Testes de Dureza,"PI0130, PI0563, PI0573, PN0121, PN0204, PN0228, PN0430, PN0472, PN1081, PN1115, PN1124, PN1336"
27394,Testes de Percepção de Cores,PN0800
27401,Testes de Sensibilidade Microbiana,"PI0147, PI0206"
27406,Testes Diagnósticos de Rotina,PN1014
27410,Testes Imunológicos de Citotoxicidade,"PI0152, PN1586"
27413,Testes Laboratoriais,"FC016, PN0784"
27417,Testes Psicológicos,PN1685
27423,Testosterona,"AO0126, PI0383, PN1190, PN1487"
27590,Timol,"PN0739, PN1609"
27693,Titânio,"HA024, AO0017, AO0150, AO0192, AO0195, AO0208, PI0173, PN0206, PN0207, PN0208, PN0226, PN0299, PN0308, PN0597, PN0639, PN0809, PN1382, PN1537, PN1841"
27694,Titanium Metallicum,PN0083
27720,Tolerância Imunológica,PI0217
27734,Tomografia,"AO0164, PI0179, PI0605, PI0767, PN0013, PN0577, PN0592, PN0646, PN1023"
27737,Tomografia Computadorizada de Feixe Cônico,"FC003, AO0011, AO0113, AO0114, AO0117, AO0167, PI0033, PI0034, PI0140, PI0177, PI0333, PI0370, PI0467, PI0494, PI0613, PI0784, PN0001, PN0002, PN0011, PN0240, PN0241, PN0246, PN0249, PN0250, PN0257, PN0261, PN0345, PN0375, PN0489, PN0549, PN0552, PN0555, PN0557, PN0563, PN0564, PN0567, PN0569, PN0572, PN0573, PN0581, PN0587, PN0588, PN0656, PN0664, PN0684, PN0696, PN0698, PN0702, PN0709, PN0713, PN0957, PN0964, PN0965, PN1008, PN1148, PN1201, PN1253, PN1338, PN1348, PN1356, PN1404, PN1414, PN1438, PN1446, PN1447, PN1451, PN1456, PN1457, PN1549, PN1550, PN1597, PN1654, PN1660, PN1680, PN1681, PN1726, PN1727, PN1728, PN1736, PN1742, PN1747, PN1749, PN1755, PN1757, PN1760, PN1788"
27738,Tomografia Computadorizada de Feixe Cônico Espiral,"PN0663, PN1676"
27740,Tomografia Computadorizada por Raios X,"PI0451, PN0979"
27741,Tomografia de Coerência Óptica,PN1039
27757,Topografia,"PN0962, PN1090"
27774,Torção Mecânica,PN1363
27785,Torque,"AO0134, PI0566, PN0292, PN0302, PN0482, PN0599, PN0776, PN1380, PN1411, PN1524, PN1551, PN1703, PN1849"
27806,Toxicidade,"PI0635, PN0050, PN1372"
27819,Toxina Botulínica Tipo A,"PN0068, PN0405, PN0845"
27830,Toxinas Botulínicas,PN0829
27864,Tração,"AO0193, PN0683, PN0766"
27866,Traço Falciforme,PN0901
27900,Transfecção,PI0483
27963,Transmissão Vertical de Doença,PN1242
27965,Transplante,"PI0682, PI0853"
27966,Transplante Autólogo,"PN0294, PN0297, PN1863"
27969,Transplante de Células-Tronco,PN0629
27972,Transplante de Células-Tronco Hematopoéticas,"PI0082, PI0667, PN1782"
27978,Transplante de Fígado,"PI0687, PN0721"
27979,Transplante de Medula Óssea,"PI0068, PN0272"
27981,Transplante de Órgãos,PN0585
27985,Transplante de Rim,PN1731
27989,Transplante Heterólogo,"PN0297, PN1863"
27991,Transplante Homólogo,"AO0151, PN0290"
27993,Transplante Ósseo,"PN0873, PN0889"
28039,Transportes,PN1643
28047,Transtorno Autístico,"PI0390, PN1489"
28052,Transtorno da Falta de Atenção com Hiperatividade,PN1711
28065,Transtorno Depressivo,AO0040
28082,Transtornos da Articulação Temporomandibular,"AO0202, PI0012, PI0013, PI0014, PI0015, PI0160, PI0161, PI0313, PI0314, PI0456, PI0614, PI0615, PI0769, PN0217, PN0234, PN0259, PN0623, PN0626, PN0829, PN0832, PN0867, PN0973, PN1152, PN1172, PN1294, PN1374"
28175,Transtornos Relacionados ao Uso de Álcool,"PI0693, PN0929"
28203,Tratamento de Emergência,PN0370
28206,Tratamento do Canal Radicular,"PI0180, PI0192, PI0338, PN0018, PN0021, PN0026, PN0477, PN1267, PN1580, PN1636, PN1747"
28213,Tratamento Térmico,"PI0304, PN0654, PN1266"
28238,Traumatismos Dentários,"AO0008, PO002, PI0089, PI0094, PI0135, PI0138, PI0151, PI0216, PI0239, PI0392, PI0725, PI0749, PI0795, PI0897, PN0041, PN0370, PN0662, PN0724, PN0728, PN0968, PN0977, PN0996, PN1000, PN1010, PN1015, PN1036, PN1226, PN1351, PN1362, PN1490, PN1643, PN1687, PN1692, PN1695, PN1830"
28243,Traumatismos do Nervo Facial,PN0629
28252,Traumatismos em Atletas,PN1830
28255,Traumatismos Faciais,"AO0160, PI0087, PI0541, PI0611, PN0948"
28257,Traumatismos Maxilofaciais,PN0329
28262,Traumatologia,PI0245
28281,Treponema,"PN0088, PN0374"
28332,Triclosan,"HA012, PN0186, PN0435"
28413,Trismo,PI0315
28533,Tuberculose,PN1459
28629,Tumores Odontogênicos,"AO0163, PI0461, PI0679, PN0545, PN0570, PN1417, PN1428, PN1429, PN1738"
28686,Ultra-Som,"PN1274, PN1600"
28688,Ultra-Sonografia,PN0838
28703,Umidade,"PI0713, PI0879"
28714,Unidade Hospitalar de Odontologia,"PI0359, PN0370, PN1806"
28720,Unidades de Internação,PI0097
28722,Unidades de Terapia Intensiva,"PI0048, PI0162, PI0841, PN1623, PN1629, PN1794, PN1822"
28747,United States Public Health Service,PN0773
28751,Universidades,PN1722
28833,Uso de Medicamentos,"PE002, PI0289"
28851,Utilizações Especializadas de Substâncias Químicas,PI0640
28871,Vaccinium macrocarpon,PI0504
29006,Vanadatos,AO0191
29015,Varfarina,"PI0465, PN0313"
29050,Vasoconstritores,PI0815
29058,Vasos Sanguíneos,PN0944
29183,Vértebras Cervicais,"PI0302, PN0268, PN1408, PN1644"
29269,Vidro,PN0428
29303,Vinho,PI0873
29310,Violência,"PI0089, PI0237, PI0845, PN1022, PN1395, PN1509, PN1802, PN1811"
29311,Violência contra a Mulher,"PI0397, PN1434"
29312,Violência Doméstica,"PI0286, PI0541"
29334,Virulência,PN1281
29504,Virus Linfotrópico de Células T Humanas Tipo 1,PN1415
29546,Visita Domiciliar,"PE009, PN1494"
29555,Vitamina B 12,PN0619
29557,Vitamina D,"PI0178, PN0086, PN0598"
29564,Vitaminas,PN1314
29626,Vulnerabilidade,PN1834
29627,Vulnerabilidade em Saúde,PE015
29628,Vulnerabilidade Social,"PI0248, PI0283"
29693,Xerostomia,"AO0048, PI0252, PN0401, PN1729"
29741,Zigoma,"AO0164, PN0591, PN0596"
29769,Zircônio,"PI0181, PI0719, PI0776, PN0289, PN1145, PN1150"
29781,Zona de Risco,PN1253
29817,Zumbido,PN0528
